-- phpMyAdmin SQL Dump
-- version 4.8.5
-- https://www.phpmyadmin.net/
--
-- Хост: 127.0.0.1:3306
-- Время создания: Авг 22 2019 г., 16:12
-- Версия сервера: 10.3.13-MariaDB
-- Версия PHP: 7.1.22

SET SQL_MODE = "NO_AUTO_VALUE_ON_ZERO";
SET AUTOCOMMIT = 0;
START TRANSACTION;
SET time_zone = "+00:00";


/*!40101 SET @OLD_CHARACTER_SET_CLIENT=@@CHARACTER_SET_CLIENT */;
/*!40101 SET @OLD_CHARACTER_SET_RESULTS=@@CHARACTER_SET_RESULTS */;
/*!40101 SET @OLD_COLLATION_CONNECTION=@@COLLATION_CONNECTION */;
/*!40101 SET NAMES utf8mb4 */;

--
-- База данных: `phpshop`
--

-- --------------------------------------------------------

--
-- Структура таблицы `category`
--

CREATE TABLE `category` (
  `id` int(11) NOT NULL,
  `name` varchar(255) NOT NULL,
  `sort_order` int(11) NOT NULL DEFAULT 0,
  `status` int(11) NOT NULL DEFAULT 1
) ENGINE=InnoDB DEFAULT CHARSET=utf8;

--
-- Дамп данных таблицы `category`
--

INSERT INTO `category` (`id`, `name`, `sort_order`, `status`) VALUES
(13, 'Mini-PC', 1, 1),
(14, 'Arduino Boards', 2, 1),
(15, 'Микроконтроллеры', 3, 1),
(16, 'DIY Constructors', 4, 1),
(17, 'Filament', 5, 1),
(18, 'Модули', 6, 1),
(19, 'CNC ', 7, 1),
(20, 'Программаторы ', 8, 1),
(21, 'Smart Home', 9, 1),
(22, 'Дисплеи', 11, 1),
(23, 'Cisco', 12, 1);

-- --------------------------------------------------------

--
-- Структура таблицы `product`
--

CREATE TABLE `product` (
  `id` int(11) NOT NULL,
  `name` varchar(255) NOT NULL,
  `category_id` int(11) NOT NULL,
  `code` int(11) NOT NULL,
  `price` float NOT NULL,
  `availability` int(11) NOT NULL,
  `brand` varchar(255) NOT NULL,
  `description` text NOT NULL,
  `is_new` int(11) NOT NULL DEFAULT 0,
  `is_recommended` int(11) NOT NULL DEFAULT 0,
  `status` int(11) NOT NULL DEFAULT 1
) ENGINE=InnoDB DEFAULT CHARSET=utf8;

--
-- Дамп данных таблицы `product`
--

INSERT INTO `product` (`id`, `name`, `category_id`, `code`, `price`, `availability`, `brand`, `description`, `is_new`, `is_recommended`, `status`) VALUES
(34, 'Модуль вольтметр+амперметр 100В 10А', 18, 14, 138, 1, 'Китай', 'Модуль вольтметр+амперметр 100В 10А', 0, 0, 1),
(35, 'Модуль 16 channel 12-bit PWM / Servo Driver-I2C interface PCA9685', 18, 13, 69, 0, 'Китай', '16 channel 12-bit PWM / Servo Driver-I2C interface PCA9685 for arduino or Raspberry pi shield modul servo shield', 1, 1, 1),
(36, 'Плата таймеров 16 каналов 12-bit PWM Driver-I2C PCA9685', 14, 12, 69, 1, 'Asus', 'Плата таймеров 16 каналов 12-bit PWM Driver-I2C  PCA9685 \r\n\r\nуправление по шине I2C всего двумя сигнальными проводами;\r\nна плате установлены дополнительные резисторы по каждому из выходов для удобного подключения светодиодов;\r\nвозможность каскадирования до 62 устройств с получением 992 ШИМ выходов;\r\nпитание от 3.3В с возможностью подключения к 5В устройствам;\r\nвозможность подключения 6В сервоприводов;\r\n6-разрядный I2C адрес;\r\nрегулируемая частота ШИМ до 1,6КГц;\r\n12-битное управлением скважностью по каждому из каналов;\r\nнастраиваемый выход - двухтактный или с открытым стоком;\r\nотдельный вход источника питания сервоприводов или светодиодов;\r\nналичие 3-пиновых разьемов, позволяющих легко и просто подключить все 16 сервоприводов к плате;\r\n\r\n\r\nИсточник https://arduino-ua.com/prod1442-16-kanalnii-12-bit-pwmservo-modyl-s-i2c-interfeisom-na-pca9685', 0, 1, 1),
(37, 'Модуль заряда li-on аккумуляторов TP4056 microUSB', 18, 11, 16, 1, 'Китай', 'Популярная схема заряда литиевых аккумов в портативных устройствах.\r\n\r\nРай для разработчиков и сделай самов', 0, 1, 1),
(38, 'Модуль TM1638 цифровой светодиодный дисплей 16 ключей 8 бит клавиатура', 18, 10, 140, 1, 'Arduino', 'TM1638 цифровой светодиодный дисплей 16 ключей 8 бит клавиатура\r\n\r\nИндикаторный клавиатурный модуль на микросхеме TM1638 предназначен ввода-вывода информации из микроконтролллера. Плата отображает информацию на 8-ми семисегментных индикаторах, 8-ми светодиодах и позволяет вводить информацию с 8 кнопок. Для управления используется последовательный интерфейс.\r\n\r\nУправление индикаторами и определение нажатия кнопок выполняет микросхема TM1638 китайской фирмы Titan Micro Electronics. TM1638 принимает от МК и передает данные по уникальному последовательному интерфейсу из трех сигналов, близкому к интерфейсу SPI. Отличие от SPI состоит в объединении в одну линию двух линий приема и передачи. Названия сигналов отличные от принятых в SPI, но они хорошо узнаются.\r\n\r\nСигналы интерфейса TM1638:\r\n\r\nSTB – разрешение работы микросхемы при низком уровне сигнала. После переключения в активный уровень первый принимаемый байт воспринимается как команда. Часто для обозначения этого сигнала используют слова строб, стробирующий.\r\nCLK – тактовый сигнал при передаче данных в микросхему. Данные фиксируются по фронту сигнала. Источником сигнала CLK служит внешнее устройство.\r\nDIO – двунаправленная линия данных. Передача синхронизируется фронтом сигнала CLK.\r\nМикросхема содержит внутренние регистры хранения состояния светодиодов и кнопок. Запись и чтение регистров происходит по командам приходящим по интерфейсу. После записи регистров микросхема автоматически формирует сигналы управления индикаторами и опроса кнопок.\r\n\r\nХарактеристики:\r\n\r\nНапряжение питания: 5 В\r\nРабочий ток: 125 мА\r\nМаксимальная частота синхронизирующего сигнала: 405 КГц\r\nколичество каналов управления: 3\r\nКоличество разрядов: 8\r\n8 тактовых кнопок\r\n8 светодиодных индикаторов\r\nДиапазон рабочих температур: от -10 до + 60°C\r\nРазмеры: 76х50х9мм\r\nВес: 27г\r\n\r\n\r\nИсточник https://arduino.ua/prod2010-modyl-indikacii-i-ypravleniya-na-tm1638', 0, 0, 1),
(39, 'Модуль TTP229 16CH канальный цифровой', 18, 9, 62, 1, 'Китай', 'Keyboard 16 Channel TTP229 Digital Touch Sensor For Arduino\r\n\r\nFeature:\r\n\r\nThe module is based on a touch-sensing TTP229 capacitive touch switch module\r\nHave a power indicator and relay and instructions\r\nModule can be set Output mode, output mode with ke, the maximum output of time, Rapid/low power consumption\r\nWorking voltage: 2.4V-5.5V\r\nSize: 49.3 x 64.5mm (L / W)\r\nWeight: 15g', 0, 0, 1),
(40, 'Модуль HC-SR501', 21, 8, 59, 1, 'Китай', 'Размеры	примерно 3.2см x 2.4см x 1.8см\r\nНапряжение питания	DC 4.5V- 20V\r\nТок на OUT	<60uA\r\nНапряжение на выходе	Высокие и низкие уровни в 3.3V TTL логике\r\nДистанция обнаружения	3 — 7м (настраивается)\r\nУгол обнаружения	до 120°-140° (в зависимости от конкретного датчика и линзы)\r\nДлительность импульса при обнаружении	5 — 200сек.(настраивается)\r\nВремя блокировки до следующего замера	2.5сек. (но можно изменить заменой SMD-резисторов)\r\nРабочая температура	-20 — +80°C\r\nРежим работы	L — одиночный захват, H — повторяемые измерения', 0, 1, 1),
(41, 'Модуль MPPT', 18, 7, 518, 1, 'Китай', 'MPPT Solar Controller 5A DC-DC Step-down Module Digital CC/CV Battery Charging\r\n\r\n\r\nModule Name: 5A buck constant voltage constant current MPPT\r\nModule Properties: Non-isolated buck module (BUCK)\r\nInput voltage: 6-36V\r\nOutput voltage:\r\n1.25-32V continuously adjustable (the default output 5V)\r\nMPPT voltage setting range: 6-36V\r\nOutput current range: 0.05-5A (The default output current is 3A)\r\nTurn lights output range: 0.01-5A (default turn lamp current 0.3A) the current range will be a little difference because the parts parameter error.\r\nMultifunction double display: input voltage, output voltage, output current\r\nOperating temperature: -40 to + 85 degree\r\nOperating frequency: 180KHz\r\nConversion efficiency: up to 95% (efficiency, input & output voltage, current and pressure-related)\r\nShort circuit protection: Yes\r\nOver temperature protection: (automatically shut off the output after overtemperature)\r\nInput reverse polarity protection: None, (if necessary, please add the string into the diode)\r\nOutput anti-anti-irrigation protection: no, the output must be connected to the battery plus blocking diode, otherwise it will burn the module!\r\nCharging indicator: charging red, bright green when fully charged. Turn lamp is the output current detection.\r\nInstallation: 4 pcs 3mm screws\r\nConnection: IN is the input, OUT is output\r\nModule dimensions:60 x 31 x 22 mm(without meter)\r\n\r\nNote:\r\n\r\nDetection module, please do not direct connect the output of negative electrode and the input of negative electrode\r\n\r\nApplications:\r\n1, DIY a voltage Regulator, with constant current function, Short-circuit proof, can protect the load.\r\n2, It can power supply for electronic devices.\r\n3, For a variety of battery charge, can observe the state of charge.\r\n4, charger for all kinds of batteries, with MPPT function, can enhance the charging current to double. With a constant current and prevents battery overcharge, effective protection of the battery.\r\n5, it can support high-power LED.\r\n6, As a car power supply , it can for your cell phone or digital products supply.\r\nPackage Contents \r\n100% Brand New\r\n\r\n1 xSolar Panels MPPT Controller 5A DC Step-down Module Digital Constant Voltage Constant Current Charging with LED Display', 1, 1, 1),
(42, 'Модуль MT3608', 18, 6, 34, 1, 'Китай', 'MT3608 DC-DC Step Up Power Apply Module Booster Power Module Output 2A DC Power Supplies\r\n\r\nVN + положительный VOUT + выход положительный электрод\r\n \r\nМаксимальный выходной ток: 2А\r\nВходное напряжение: 2 В ~ 24 В\r\nМаксимальное выходное напряжение:> 5V-28 (безопасное напряжение 25 В, 28 В легко повредить примечание)\r\nЭффективность:> 93%\r\nМеханические свойства:\r\nРазмер продукта: 36 мм * 17 мм * 14 мм\r\nПосле модуль, + И-2 ~ 24 В, Потенциометр может быть скорректирована для регулировки выходного напряжения, Выходное напряжение больше, чем входное напряжение\r\nПримечание\r\nПиковый ток выходной ток не более 2А', 0, 0, 1),
(43, 'Arduino UNO', 14, 5, 240, 1, 'Arduino', 'Arduino UNO\r\n\r\n \r\n\r\nМикроконтроллер ATmega328\r\nРабочее напряжение 5 В\r\nВходное напряжение (рекомендуемое) 7-12 В\r\nВходное напряжение (предельное) 6-20 В\r\nЦифровые Входы/Выходы 14 (6 из которых могут использоваться как выходы ШИМ)\r\nАналоговые входы 6\r\nПостоянный ток через вход/выход 40 мА\r\nПостоянный ток для вывода 3.3 В 50 мА\r\nФлеш-память 32 Кб (ATmega328) из которых 0.5 Кб используются для загрузчика\r\nОЗУ 2 Кб (ATmega328)\r\nEEPROM 1 Кб (ATmega328)\r\nТактовая частота 16МГц', 0, 0, 1),
(44, 'Фоторезист DuPont - RISTON 215 ', 16, 4, 61, 1, 'Dell', 'Фоторезист DuPont - RISTON 215 для печатных плат\r\nфоторезист DuPont (негативный), ширина рулона 304 мм, толщина слоя 38 микрон\r\n\r\n \r\nОчень качественный фоторезист, стоек во всех травильных растворах (как в кислых,так и в щелочных). Высокая фоточувствительность.\r\nХорошее сцепление (адгезия) и разрешение;\r\nХороший контраст изображения после экспонирования облегчает инспекцию;\r\nХорошие тентинговые характеристики;\r\nРовный профиль резиста;\r\nМеньшее количество осадка при проявлении;\r\nМалое количество загрязнений в процессе гальванизации;\r\nХорошее снятие.\r\nУниверсальный фоторезист кислого и щелочного травления для нанесения рисунка схемы и прямой металлизации.', 0, 0, 1),
(45, 'Модуль DC-DC шим преобразователь на LM2576 + Led вольтметр вход\\выход', 20, 3, 1320, 1, 'Китай', 'Everest Game 9085 — это компьютеры премимум класса, собранные на базе эксклюзивных компонентов, тщательно подобранных и протестированных лучшими специалистами нашей компании. Это топовый сегмент систем, который отвечает наилучшим характеристикам показателей качества и производительности.', 0, 0, 1),
(46, 'Модуль измерения расстояния HC-SR04', 18, 2, 128, 1, 'Arduino', 'Ультразвуковой датчик (модуль измерения расстояния) HC-SR04. Диапазон измерения - 2-500см', 1, 1, 1),
(47, 'Raspberry PI Model B+', 13, 1, 1296, 1, 'Raspberry', 'Raspberry Pi 3 Model B+ - новинка от Raspberry Pi Foundation, которая работает на базе обновленного 4х-ядерного 64-битного SoC Broadcom BCM2837B0 и увеличенной тактовой частотой 1.4GHz. Беспроводной модуль также получил обновления: Wi-Fi стал двухдиапазонным стандарта IEEE 802.11ac, а Bluetooth - 4.2 BLE. Новая \"малинка\" обладает Gigabit Ethernet, работающим через USB 2.0 шину, что обеспечит скорость передачи данных до 300Mbps. Прежними остались объем оперативной памяти - 1GB RAM, формфактор и расположение всех портов, что обеспечивает совместимость большинства существующих аксессуаров.\r\n\r\nRaspberry Pi 3 Model B+ как и её предшественники отличается высоким уровнем надежности, простотой настройки, огромным сообществом и высочайшим качеством исполнения.', 1, 1, 1),
(48, 'Rotary Encoder', 18, 15, 14, 1, 'Китай', 'Rotary Encoder - энкодер с кнопкой. Применяется везде, где нужно управлять вложенными \"меню с различными функциями\"', 1, 1, 1),
(49, 'Модуль E73-2G4M04S1B Bluetooth ARM nRF52832 2.4Ghz 2.5mW IPX', 18, 16, 171, 1, 'Китай', 'E73-2G4M04S1B Bluetooth ARM nRF52832 2.4Ghz 2.5mW IPX PCB Antenna IoT uhf Wireless Transceiver Ble 5.0 rf Transmitter Receiver', 1, 1, 1),
(50, 'Модуль 0.96 inch IIC Serial White OLED Display Module 128X64 I2C SSD1306 12864 ', 22, 17, 107, 1, 'Китай', '0.96 inch IIC Serial White OLED Display Module 128X64 I2C SSD1306 12864', 1, 1, 1),
(51, 'Переходник soic8 so8 - dip8', 18, 18, 84, 1, 'Китай', 'переходник предназначен для программирования микросхем памяти в корпусах SO-8 SOIC-8  программатором с DIP8 слот.', 1, 1, 1),
(52, 'Регулятор температуры инкубатора -Термостат', 18, 19, 126, 1, 'Китай', 'Описание: \r\n100% новый и высокое качество \r\nКоличество: 1 шт. \r\nДиапазон регулирования температуры:-50 ~ 110 ° C \r\nРазрешение: 0.1 ° С\r\nТочность измерения: 0.1 ° C \r\nТочность управления: 0.1 ° C \r\nГистерезис точность: 0.1 ° C \r\nЧастота обновления: 0.5 S \r\nВходная мощность: DC12V \r\nИзмерения входы: NTC (10 К 0.5%) водонепроницаемый датчик 0.5 м \r\nВыход: 1-канальный релейный выход, 1  ток управления макс= 10A \r\nЭкологические требования:-10 до 60 градусов\r\n\r\nВлажность 20%-85% \r\nРазмер: 48 (l) * 40 (w) * 14 (d) мм \r\nПотребляемая мощность: Статический ток: <= 35ма, потребляемый ток: <= 65ма \r\nЛегкий и удобный в использовании \r\n\r\n \r\n\r\nThe thermostat must be paired with a heater or cooler.\r\n\r\nIf you press the \"SET\" and hold for more than 5 seconds, the thermostat switches to the settings. The available settings are:\r\nP0 - selection of the heater or cooler.\r\nP1 - hysteresis (0.1-15 ° C, the default 2 ° C)\r\nP2 - the task of the upper working temperature limit (default 110 ° C)\r\nP3 - the task of the lower working temperature limit (default -50 ° C)\r\nP4 - temperature correction (-7 + 7 ° C, default 0)\r\nP5 - the delay on / off switch (0-10 sec., Default 0)\r\nP6 - overtemperature alarm signal (0 +110 ° C, the default is off)', 1, 1, 1),
(54, 'Модуль LM2577 step-up dc/dc converter XL6009E1 ', 18, 21, 40, 1, 'Китай', 'XL6009 DC-DC Booster module Power supply module output is adjustable Super LM2577 step-up module\r\n\r\nModule Properties: Non-isolated buck Module\r\nRectification: Non-synchronous rectification\r\nInput voltage: 3V-34V\r\nOutput voltage: 4-35V\r\nInput Current: 3A (MAX)\r\nOutput Current: 2.5A (MAX)\r\nModule size: 49 (mm) x26 (mm)\r\nInput: \'IN+\' input is Positive, \'IN-\' type negative\r\nOutput: \'OUT+\' output is Positive, \'OUT-\' type negative\r\n\r\n', 1, 1, 1),
(55, 'Осциллограф DIY DSO138', 16, 22, 639, 1, 'Китай', 'Комплект «DSO138 2,4 \" TFT цифровой осциллограф своими руками» представляет собой конструктор для сборки цифрового осцилографа.\r\n\r\nПечатная плата, входящая в состав комплектa «DSO138 2,4 \" TFT цифровой осциллограф своими руками» , двухсторонняя, на плату нанесены обозначения устанавливаемых элементов. На плате предустановлен микроконтроллер STM32F103C8. Это 32 битный микроконтроллер, базирующийся на ARM 32-bit ядре. Максимальная частота работы 72МГц,\r\n\r\nВ собранном виде осцилограф представлен на рисунке.\r\n\r\n осцилограф собранном виде \r\n\r\nПредназначение переключателей и кнопок на готовом приборе:\r\n\r\nПереключатели\r\nВерхний переключает режим работы входа:\r\nзаземлен\r\nрежим работы без учета постоянной составляющей, или АС, или режим работы с закрытым входом. Хорошо подходит для измерения переменного тока.\r\nрежим работы с возможностью измерения постоянного тока, или режим работы с открытым входом. Позволяет проводить измерения с учетом постоянной составляющей напряжения.\r\nВторой и третий переключатели позволяют выбрать масштаб по оси напряжения.\r\nКнопки\r\nПри коротком нажатии включает режим HOLD, т.е. фиксация показаний на дисплее. при длинном (более 3 секунд) включает или выключает режим цифрового вывода данных параметра сигнала, частоту, период, напряжения.\r\nКнопка увеличения выбранного параметра\r\nКнопка уменьшения выбранного параметра.\r\nКнопка перебора режимов работы:\r\nуправление временем развертки, диапазон от 10мкс до 500сек.\r\nвыбор режима работы триггера синхронизации, Авто, нормальный и ждущий.\r\nрежим захвата сигнала синхронизации триггером, по фронту или тылу сигнала.\r\nвыбор уровня напряжения захвата сигнала триггера синхронизации.\r\nпрокрутка осциллограммы по горизонтали, позволяет просмотреть сигнал «за пределами экрана»\r\nустановка позиции осциллограммы по вертикали, помогает при измерении напряжений сигнала и когда осциллограмма не влазит на экран…\r\nкнопка сброса, просто перезагрузка осциллографа.Рядом с кнопкой есть зеленый светодиод, он моргает когда осциллограф синхронизировался.', 1, 1, 1),
(56, 'Модуль цифрового вольтметра (С1187-03)', 18, 23, 42, 1, 'Китай', 'Цифровой вольтметр \r\n\r\n \r\n\r\nТип дисплея: 3разряда цифровой\r\nРабочая температура:-10 to +80C\r\nРазмеры имдикатора:23x15.5x9mm\r\nMeasuring range:2.50-32.0V\r\nType:Digital voltage measuring instrument\r\nColor:Green\r\nInput impedance:>50KΩ\r\nWorking current:<30mA\r\nHole spacing:26mm\r\nAperture:2.4mm', 1, 1, 1),
(57, 'Модуль гиросенсора GY-521 MPU-6050', 18, 24, 44, 1, 'Китай', 'GY-521 MPU-6050 MPU6050 Module 3 Axis \r\n\r\nПозволяет определить положение и перемещение прибора в пространстве: углы крена, дифферента (тангажа) ориентируясь по вектору силы тяжести и скорости вращения. Измеряет температуру. При перемещении определяет линейное ускорение и угловую скорость по трем осям, что дает полную картину положения. Как работает модуль 3-х осевого гироскопа и акселерометра GY-521 MPU-6050 показано на видео.', 1, 1, 1),
(58, 'Модуль DSO-SHELL DSO150 К 15001 K DIY цифровой осциллограф комплект с корпусом', 16, 25, 701, 1, 'Китай', 'Модуль DSO-SHELL DSO150 К 15001 K DIY цифровой осциллограф комплект с корпусом', 1, 1, 1),
(59, 'Датчик температуры и влажности DHT11', 18, 26, 38, 1, 'Китай', 'Цифровой датчик температуры и влажности DHT-11\r\n\r\n \r\n\r\nProduct information\r\n \r\n\r\nDescription:\r\n\r\n \r\n1.DHT series numeric humiture sensor.\r\n\r\n \r\n2.Humidity measuring range: 2090%RH(050temperature compensation).\r\n\r\n \r\n3.Temperature measuring range: 0+50.\r\n\r\n \r\n4.Humidity measurement accuracy: ±5.0%RH.\r\n\r\n \r\n5.Temperature measurement accuracy: ±2.0.\r\n\r\n \r\n6.response time: <5s.\r\n\r\n \r\n7.low power consumption.\r\n\r\n \r\n8.Size:2.3cm x 1.2cm x 0.5cm.', 1, 1, 1),
(60, 'Модуль ESP8266 WIFI ESP-12E', 18, 27, 55, 1, 'Китай', 'ESP8266 WIFI модель ESP-12E \r\nМодуль выполнен в формате ESP-12E и является продвинутой версией модуля ESP8266-12 с согласованным выходным каскадом и антенной, что значительно увеличило чувствительность и радиус действия. Так же особенностью этого модуля является более экономичная работа в активном режиме и ультранизкое потребление в спящем и ждущем режимах. На модуле выведены пользовательские выходы GPIO, что еще больше расширяет возможности построения на данном модуле систем \"умный дом\" и \"умных вещей\".\r\n\r\nМодуль имеет антенну выполненную на печатной плате и подписанные выводы, что облегчает его использование. В отличии от младших моделей доступно большее количество портов GPIO, а также режим сна с низким потреблением питания. Для использования модуля с беспаечными макетными платами потребуется переходник, так как у модуля шаг выводов 2 мм, а не 2.54 мм.\r\n\r\nХарактеристики:\r\n\r\nМикромодуль: ESP8266MOD\r\nСовместимость: полная ESP-12\r\nОбъем флеш-памяти: 4Мб\r\nОперативная память: 80Кб\r\nНапряжение питания: 3.3В\r\nПотребляемый ток в режимах:\r\nГлубокого сна: <10uA\r\nПолной остановки: < 5uA\r\nРабочая частота: 2.4 ГГц\r\nМощность излучения: +24dbm\r\nПорты GPIO: 11\r\nТип антенны: встроенная, на печатной плате\r\nБеспроводные режимы:точка доступа / softAP / SoftAP + точка доступа;\r\nБеспроводный протокол: 802.11 b / g / n;\r\nПоддержка безопасности: Wi-Fi @ 2.4GHz, поддержка WPA / WPA2 режима безопасности\r\nУправление: встроенными АТ-командами', 1, 1, 1),
(61, 'Модуль измерения тока ACS712TELC-30A', 18, 28, 100, 1, 'Китай', 'ACS712TELC-30A ', 1, 1, 1),
(62, 'Модуль зарядное устройство для 4 упак. Li-on батарея самореген 4-5A по защите', 18, 29, 127, 1, 'Китай', 'Простота установки\r\nDIY для вашего собственный аккумулятора зарядное устройство\r\nЗарядки защиты\r\nОдной ячейке или мульти-клеток\r\nМакс. 4-5а при зарядке aeProduct.getSubject()\r\nИнструкция по установке:\r\nP +: выход/зарядки V +\r\nP-: выход/зарядки v-\r\nB +: 1-й батареи V + положительный\r\nB1: 1-й батареи отрицательный и 2-й батареи + положительный\r\nB2-: 2-й батареи отрицательный и 3-го батареи + положительный\r\nB3: 3-й батареи отрицательный и 4-го батареи + положительный\r\nB: 4-го батареи отрицательный\r\nПрименение:\r\nВы можете DIY зарядное устройство для различных оборудования т. е.. Сверла, мобильный, MP3 и MP4\r\nКоличество: 1 шт.', 1, 1, 1),
(63, 'Модуль FM радио RDA5807M RRD-102V2.0', 18, 30, 25, 1, 'Китай', 'FM радио модуль RDA5807M  для Arduino RRD-102V2.0', 1, 1, 1),
(64, 'Модуль NRF24L01 + 2.4G 1.27 SMD не оригинал, рабочий', 14, 31, 21, 1, 'Китай', 'NRF24L01 + 2.4G', 1, 1, 1),
(65, 'Модуль HX711 (датчик давления)', 21, 32, 28, 1, 'Китай', 'HX711', 1, 1, 1),
(66, 'Датчик препятствия инфракрасный 3pin', 14, 33, 25, 1, 'Китай', 'размер продукта: 45.50 мм Х 45.50 мм Х 8.50 мм (длина х ширина х высота)\r\nцвет ян: синий вес продукта: 3.42 г (включая упаковку)\r\n\r\n материалы: FR4 + электронные компоненты\r\nразмер продукта:\r\n\r\naeProduct.getSubject()\r\n\r\nописание продукта:\r\n\r\nмодуль датчика света адаптируется к окружающей среде, это пара инфракрасный передачи и приема , светодиод и фотодиод инфракрасного излучения определенной частоты,при обнаружении направление встречи с препятствиями (отражающей поверхности), отражение инфракрасный приемного фотодиода , после того как схема компаратора сработает,зеленый индикатор загорится, в то же время сигнала выходной интерфейс и выход цифрового сигнала (низкий уровень 0 В) сигнала, можно регулировать с помощью потенциометра расстояние обнаружения,эффективное расстояние диапазон 2 ~ 30 см, рабочее напряжение 3.3 В до 5. дальность обнаружения датчик может через потенциометра для регулировки и имеют небольшие помехи, могут быть широко использованы в робототехнике для избегания встречи с препятствиями, препятствие избежании автомобиль, количество строк и черно-белая линия отслеживания и во многих случаях.\r\n\r\n\r\nэксплуатационные характеристики продукта:\r\n\r\n\r\n1 .. когда сигнал модуль без препятствий впереди, из порта (5 В) выходной уровень непрерывно.\r\nкогда модуль обнаруживает препятствия впереди сигнала, печатная плата на зеленый свет горит, OUT порт в то же время\r\nдлительная мощность низкий уровень (0 В) сигнала, модуль обнаружения от 2-30 см, 35 ° Угол обнаружения, обнаружения\r\nрасстояние можно регулировать с помощью потенциометра, отрегулируйте потенциометр по часовой стрелке, расстояние обнаружения увеличивается; Потенциометр настройки против часовой стрелки, сократить расстояние обнаружения.\r\n\r\n\r\n2. Активный инфракрасный отражения датчик обнаружения, поэтому коэффициент отражения и форма цели является ключом дальности обнаружения.\r\nодин черный минимальная дальность обнаружения, белый большой; Небольшая площадь расстояние до объекта, большое расстояние.\r\n\r\n3. модуль датчика выходной порт OUT может быть напрямую подключен к микроконтроллера порт ВВОДА-ВЫВОДА, может также с прямым приводом\r\n\r\n5 В реле, режим Соединения: VCC-VCC; ЗЕМЛЯ-ЗЕМЛЯ Из-IO\r\n\r\n4, компаратор использует LM393, стабильность работы.\r\n\r\n5, можно использовать 3.3 В до 5 В питания постоянного тока модуль питания. При Включении, красный индикатор питания горит\r\n\r\n\r\n\r\n\r\nинструкция по применению\r\n\r\n1. VCC внешний 3.3 В до 5 В напряжение (который может быть напрямую подключен к 5 В микроконтроллера или 3.3 В микроконтроллера)\r\n2. gnd GND\r\n3. ВНЕ интерфейс цифровой выход маленькая тарелка (0 и 1)', 1, 1, 1),
(67, 'Модуль MP1584N step-down converter (аналог LM2596s)', 18, 34, 38, 1, 'Китай', 'Замена LM2596s Мини 3A Dc-dc Регулируемый понижающий модуль питания \r\n\r\n \r\n\r\n \r\n\r\n \r\n\r\nDIY для мобильных устройств,  оборудования связи, различные правильный размер и вес для требовательных приложений (например, авиационных моделей и т. д.).\r\n\r\nвходное напряжение: 4.5-28 В\r\n\r\nвыходное Напряжение: 0.8-20 В (регулируемое)\r\n\r\nвыходной ток: номинальный ток 3А (МАКС).\r\n\r\nЧастота переключения: 1 МГц\r\n\r\nвыходные Пульсации: менее мв\r\n\r\nэффективность: 96% (макс.)\r\n\r\nрабочая температура: от Промышленного класса (от-40 C до + 85 C)\r\n\r\nСвойства модуля: неизолированный модуль понижающий \r\n\r\nразмер: 22*17*4 мм\r\n\r\n \r\n\r\n \r\n\r\nМини 3A Dc-dc Регулируемый понижающий Модуль Питания заменa LM2596s', 1, 1, 1),
(68, 'Модуль зарядного устройства Li On аккумуляторов 3s', 18, 35, 110, 1, 'Китай', 'Модуль HX-3S-01', 1, 1, 1),
(69, 'Модуль Ethernet shield W5100 R3 UNO omega 2560 1280 328', 14, 36, 267, 1, 'Arduino', 'Ethernet shield W5100', 1, 1, 1),
(70, 'Модуль контроллера Li ON аккум YH11047A 4секции 4S 14.4в 15а', 18, 36, 37, 1, 'Китай', 'Модуль контроллера Li ON аккум YH11047A 4секции 4S 14.4в 15а', 1, 1, 1),
(71, 'Модуль заряда li-on аккумуляторов TP4056 mini USB', 18, 38, 17, 1, 'Китай', 'Популярная схема заряда литиевых аккумов в портативных устройствах.\r\n\r\nРазьем - mini USB', 1, 1, 1),
(72, 'Модуль цифрового вольтметра', 18, 39, 57, 1, 'Китай', 'Цифровой вольтметр \r\n\r\n \r\n\r\nРазмер:  46x29x22 мм\r\nТочность: 1%\r\nРежим дисплея: 3 разряда\r\nДиапазон: DC 0 В-30 В\r\nДиапазон входного подачи: DC 4,5-30 В\r\nРабочий ток: менее 20мА\r\nЦвет дисплея: красный\r\nТемпература хранения: -10 °C - +65 °C\r\nЧерный провод соединяет Общий минус, красный провод -измеряемое напряжение, белый провод - напряжение для питания схемы - не меньше 4в\r\n \r\nИмеет крепление для встраивания в панель прибора..\r\n1 шт. DIY Мини вольтметр Тесты эр цифровой Напряжение Тесты Батарея DC 0-30 В 0-100 В 3 провода красный зеленый синий для авто светодиодные Дисплей датчик', 1, 1, 1),
(73, 'Программатор USBASP USBISP AVR программист USB ISP USB ASP ATMEGA8 ATMEGA128 Поддержка Win7 64 К', 20, 40, 78, 1, 'Китай', 'USBASP USBISP\r\n\r\nAVR программатор USB ISP USB ASP ATMEGA8 ATMEGA128\r\n\r\nПоддержка Win7 64 К\r\n\r\nfacebook  twitter \r\n', 1, 1, 1),
(74, 'Модуль DS3231 RTC', 21, 41, 56, 1, 'Китай', 'RTC-DS3231-24C32 Часы реального времени высокой точности , здесь на плате нет кварцевого резонатора, который определяет точность и стабильность хода часов, но в тоже время является самым капризным узлом. Современный сверхминиатюрный резонатор вместе со всеми сопутствующими цепями упрятан в корпус микросхемы DS3231. Там же находится термометр и схема термокомпенсации. Такая система обеспечивает точность хода несколько минут в год – около 4ppm, т.е. 4 миллионные доли в диапазоне температур от ноля до +40 градусов Цельсия. Параметры обычных кварцев хуже в десятки раз! В микросхеме реализована цифровая коррекция хода, имеются два будильника, високосный календарь на 100 лет.\r\n\r\nОсновные характеристики - часы реального времени (RTC) с батарейкой - часы считают секунды, минуты, часы, день, месяц и год - коррекция високосных дней до 2100 года - погрешность хода (0…40С) менее +/- 4ppm - шаг цифровой коррекции хода 0,1…0,5 ppm - два ежедневных будильника; - выход стабильной частоты 1Hz…32768Hz - встроенный термодатчик, погрешность ±3°C - напряжение питания “VCC” 2,7V…5,3V - напряжение батарейки (Vbat) 2,3V…5,3V - ток потребления в активном режиме 250μA - ток потребления от батарейки (часы идут): 1…3 μA - порог переключения на батарейку: (Vcc < Vbat) 2,6V - в модуле установлена дополнительная EEPROM 24C32 - размер модуля 40х22mm - рабочая температура от 0°C до +70°C Как и большинство подобных устройств, часы управляются по i2c-интерфейсу. Контроллеру, который управляет модулем, доступны и часы и значение температуры, измеренное внутренним датчиком. Как видно из названия, в модуле также установлена EEPROM память 24C32 (32 Кбит = 4 Кбайт), подключенная к i2c-шине. Эта память, в первую очередь, предназначена для энергонезависимого сохранения изменяющихся в процессе работы параметров и настроек системы, но она может быть расширением памяти основного микроконтроллера и использоваться для хранения звуковых сэмплов, графических образов и других табличных данных.', 1, 1, 1),
(75, 'Программатор ST-Link V2 мини STM8 STM32', 20, 42, 81, 1, 'Китай', 'Отладчик/программатор для STM8_STM8STM32 ST-LINK simulator/debugger/programmerПрограмматор/отладчик для внутрисхемного программирования и отладки микроконтроллеров STM8 и STM32. ST-LINK/V2 [mini] поддерживает все STM8 (SWIM интерфейс', 1, 1, 1),
(76, 'Датчик инфракрасный D203S', 18, 43, 17, 1, 'Китай', 'D203S', 1, 1, 1),
(77, 'Модуль cjmcu-1201 adum1201', 14, 44, 85, 1, 'Arduino', 'Модуль cjmcu-1201\r\n\r\nизолятор adum1201arz SOIC 8\r\n\r\nSPI Интерфейс', 1, 1, 1),
(78, 'Модуль RX5808', 14, 45, 323, 1, 'Arduino', 'RX5808\r\n\r\nBoscam FPV 5.8G беспроводной приемный модуль Приемник RX5808 аудио видео для РУ Дрон FPV\r\n\r\n\r\nBoscam FPV 5.8G беспроводной приемный модуль Приемник RX5808 аудио видео для РУ Дрон FPV\r\n\r\nBoscam FPV 5.8G беспроводной приемный модуль Приемник RX5808 аудио видео для РУ Дрон FPV\r\nBoscam FPV 5.8G беспроводной приемный модуль Приемник RX5808 аудио видео для РУ Дрон FPV\r\n\r\n\r\n\r\nСпецификация:\r\nФирменное наименование: Boscam\r\nИмя пункта: rx5808 приемный модуль\r\nЧастота приемника: 5645-5945mhz; 8 каналов\r\nЧувствительность приема:-90dbm\r\nЧастота управления: встроенный частоты и фазовой автоподстройки\r\nВыход Av: аналог av сигнал произведен\r\nНапряжение электроснабжения:3.5v\r\nПотребляемый ток: 170ma\r\nРазмер: 28 х 23 х 3 мм', 1, 1, 1),
(79, 'Модуль GLC-SX-MM Cisco', 23, 46, 281, 1, 'Cisco', 'GLC-SX-MM', 1, 1, 1),
(80, 'Модуль Bluetooth CSR8630', 14, 47, 197, 1, 'Arduino', 'Bluetooth CSR8630\r\n\r\n', 1, 1, 1),
(81, 'Модуль SIM800L GPRS GSM SIM Card', 18, 48, 138, 1, 'Китай', 'SIM800L GPRS GSM SIM Card \r\n\r\nSIM800L GPRS GSM модуль представляет собой миниатюрный GPRS GSM модуль. Он основан на чипе SIM800L, поддерживает четыре диапазона GSM / GPRS сеть, доступную для GPRS и дистанционной передачи данных и сообщений SMS. \r\nПлата SIM800L GPRS GSM имеет компактные размеры и характеризуется низким потреблением тока (1 мА в режиме ожидания).\r\n\r\nХарактеристики: \r\n\r\nНапряжение питания: от 3.4В до 4.4В \r\nТок режима ожидания: 0.7 мА \r\nМаксимальный ток: 500 мА \r\nМаксимальное напряжение высокого уровня интерфейса UART: 2.8 В \r\nСкорость UART: 1200–115200 бод \r\nРабочие диапазоны EGSM900, DCS1800, GSM850, PCS1900 \r\nМощность передачи DCS1800, PCS1900: 1 Вт \r\nМощность передачи GSM850, EGSM900: 2 Вт \r\nРежим сети: 2G \r\nСопротивление подключаемого динамика: 8 Ом \r\nМикрофон: электретный ', 1, 1, 1),
(82, 'Модуль Bluetooth CSR8645', 18, 49, 239, 1, 'Китай', 'Модуль Bluetooth CSR8645', 1, 1, 1),
(83, 'Модуль MCP23017-E/SO, 16-битный расширитель порта ввода/вывода', 18, 50, 45, 1, 'Китай', 'Модуль MCP23017-E/SO, 16-битный расширитель порта ввода/вывода\r\n\r\nMCP23017 Serial Interface Module IIC I2C SPI  Bidirectional 16-Bit I/O Expander Pins ', 1, 1, 1),
(84, 'Модуль STM32F103C8T6 ARM STM32', 15, 51, 65, 1, 'STM32', 'STM32F103C8T6 ARM STM32 Minimum System Development Board Module', 1, 1, 1),
(85, 'Модуль TM1637 LED Display 7 Segment 4 Bits', 22, 52, 37, 1, 'Китай', 'TM1637 LED Display Module 7 Segment 4 Bits \r\n\r\nПоследовательный 4-разрядный семисегментный LED индикатор с I2C драйвером TM1637. Цвет сегментов - красный. Библиотека для работы с Arduino - \"TM1637Display.h\" или \"TM1637.h\"\r\n\r\nХaрaктeриcтики:\r\n1.Питaниe 3.3 — 5.5В\r\n2.Пoтрeбляeмый тoк 0.2 — 80мА (в зaвиcимocти oт гoрящиx ceгмeнтoв)\r\n3.Грaдaций яркocти индикaтoрoв — 8\r\n4.Рaзмeры плaты: 42x24мм', 1, 1, 1),
(86, 'Повышаюший преобразователь DC-DC 1-4v to 5v USB', 18, 53, 21, 1, 'Китай', 'DC-DC 1-4v to 5v USB', 1, 1, 1),
(87, 'Модуль 3S 40A Li-ion Battery Charger Protection Board PCB BMS For Drill Motor', 18, 54, 183, 1, 'Китай', '3S 40A Li-ion Lithium Battery Charger Protection Board PCB BMS For Drill Motor 11.1V 12.6V Lipo Cell Module with Balance\r\nfacebook  twitter ', 1, 1, 1),
(88, 'Модуль 16-канал 12-бит ШИМ/сервопривод-I2C интерфейс-PCA9685', 14, 55, 99, 1, 'Arduino', 'управление по шине I2C всего двумя сигнальными проводами;\r\nна плате установлены дополнительные резисторы по каждому из выходов для удобного подключения светодиодов;\r\nвозможность каскадирования до 62 устройств с получением 992 ШИМ выходов;\r\nпитание от 3.3В с возможностью подключения к 5В устройствам;\r\nвозможность подключения 6В сервоприводов;\r\n6-разрядный I2C адрес;\r\nрегулируемая частота ШИМ до 1,6КГц;\r\n12-битное управлением скважностью по каждому из каналов;\r\nнастраиваемый выход - двухтактный или с открытым стоком;\r\nотдельный вход источника питания сервоприводов или светодиодов;\r\nналичие 3-пиновых разьемов, позволяющих легко и просто подключить все 16 сервоприводов к плате;\r\nвысокое качество изготовления модуля;\r\nРазмеры: 62 х 25 х 15 мм', 1, 1, 1),
(89, 'Плата C1237HA Speaker Protection PCB for Audiophile DIY', 16, 56, 99, 1, 'Китай', 'C1237HA Speaker Protection PCB for Audiophile DIY', 1, 1, 1),
(90, 'Модуль 0.91 inch IIC Serial White OLED Display Module 128X64 I2C SSD1306 12864', 22, 57, 107, 1, 'Китай', '0.91 inch IIC Serial White OLED Display Module 128X64 I2C SSD1306 12864', 1, 1, 1),
(91, 'Модуль расширения драйверов ЧПУ A4988 для Arduino UNO', 19, 58, 57, 1, 'Arduino', '3D-принтеры Запчасти A4988 драйвер щит с ЧПУ V3 Плата расширения', 1, 1, 1),
(92, 'Плата-переходник soic8 so8 tssop8 dip8', 20, 59, 2, 1, 'Китай', 'Плата-переходник soic8 so8 tssop8 dip8', 1, 1, 1),
(93, 'Модуль MQ-135 датчик газа', 18, 60, 62, 1, 'Arduino', 'Модуль датчика качества воздуха MQ135 предназначен для определения содержания и количества вредных и опасных газов в воздухе таких как: NH3,NOx, пары алкоголя, бензина, дыма, CO2 и т.д. Построен на датчике MQ135. На плате модуля предусмотрен компаратор для определения порогового значения концентрации вредных веществ. Порог срабатывания задается потенциометром.\r\n\r\nХарактеристики:\r\n\r\nВыходной сигнал TTL уровня\r\nАналоговый выход датчика 0 - 5В. Чем выше концентрация газов тем выше напряжение на выходе\r\nНапряжение питания модуля: 5В постоянного тока\r\nРазмеры: 32мм X22мм X27мм\r\nТип датчика: MQ-135\r\n\r\n\r\n\r\n\r\nИсточник https://arduino.ua/prod1201-modyl-datchika-kachestva-vozdyha-mq135', 1, 1, 1),
(94, 'Модуль MQ-3', 18, 61, 48, 1, 'Китай', 'mq-3', 1, 1, 1),
(95, 'Модуль WI-FI node MCU CH340+ ESP12E', 15, 62, 110, 1, 'Китай', 'node MCU CH340+ ESP12E\r\n\r\nГотовая для различных приложений плата на микроконтроллере ESP8266. Легкая возможность подключения к любому порту модуля ESP-12E. На плате присутствует USB driver UART CH340 и стабилизатор 3.3V', 1, 1, 1),
(96, 'Модуль сенсор касания TTP223', 18, 63, 10, 1, 'Китай', 'сенсор касания TP223', 1, 1, 1),
(97, 'Модуль- плата для ESP8266 (без модуля ESP-12E)', 18, 64, 71, 1, 'Китай', 'Модуль- плата для ESP8266. Предназначена для установки (пайки)модуля ESP-12E, имеющего шаг выводов 2мм на любую стандартную плату 2.54мм или может быть отдельным устройством.\r\n\r\nПрименяется для быстрого изготовления IoT устройств.', 1, 1, 1),
(98, 'Модуль- плата ESP8285 M-2', 18, 65, 197, 1, 'Китай', 'ESP8285 ESP-M2\r\n\r\nПрименяется для быстрого изготовления IoT устройств.', 1, 1, 1),
(99, 'Модуль DC 12 V LV002 10,525 ГГц 8-15 м доплеровский радар', 18, 66, 54, 1, 'Китай', 'LV002 10,525 ГГц 8-15 м доплеровский радар \r\nДатчик движения микроволновый LV002 10.525 ГГц (Радар Доплера) - способен определять движение объектов (препятствий) которые полностью или частично отражают радиоволны (люди, животные, металлы и т.д.), даже если они находятся за деревом (дверью), стеной (гипс, бетон), пластиками, стеклами и т.д.\r\n\r\nРабочая частота датчика 10.525ГГц. Подобные датчики находят широкое применение в системах автоматизации таких как: датчики управления открытием двери, охранные системы, системы управлением освещением. Метод обнаружения движения основан на изменении отраженной частоты от объекта. При приближении объекта частота отраженного сигнала увеличивается, а при удалении - уменьшается. При неподвижном объекте излучаемая и принимаемая частоты равны.\r\n\r\nХАРАКТЕРИСТИКИ\r\nЧастота передачи: 10.525 ГГц\r\n\r\nУгол обнаружения: 120 град.\r\n\r\nРасстояние обнаружения: 8-15 м\r\n\r\nРабочее напряжение: DC 6 - 40V\r\n\r\nНоминальное рабочее напряжение: DC 12V\r\n\r\nДиапазон срабатывания: до 8-15 м\r\n\r\nРазмеры: 17 x 31 x 8 мм\r\n\r\nКатегории: Arduino, Датчики', 1, 1, 1),
(100, 'Печатная плата TDA7293 Amp усилитель Diy Kit', 16, 65, 53, 1, 'Китай', 'Печатная плата TDA7293 Amp усилитель Diy Kit\r\nпечатная плата для сборки оконечного каскада стереоусилителя на TDA7493', 1, 1, 1),
(101, 'Адаптер SSOP28 SOP28 TSSOP28 к DIP28', 20, 67, 34, 1, 'Китай', 'SSOP28 SOP28 TSSOP28 к DIP28', 1, 1, 1),
(102, 'PLA пластик для 3D печати,1.75 мм, 0.75 кг ', 17, 68, 288, 1, '3dplast', 'PLA пластик рекомендован для печати высокоточных изделий с минимальной термоусадкой.\r\n\r\nПлюсы PLA пластика:\r\n\r\n1. Низкая усадка, высока размерная стабильность готовых изделий.\r\n\r\n2. Достаточно гладкая поверхность напечатанного из PLA-пластика изделия\r\n\r\n3. Хорошая детализация, простая доработка шлифовкой или другими, не требующими специального оборудования методами\r\n\r\n4. Легко металлизируется, обладает низким коэффициентом трения, из-за чего часто используется для создания подшипников скольжения.\r\n\r\n5. Является экологичным материалом (как по свойствам, так и по циклу изготовления). При нагреве не выделяет вредных веществ.\r\n\r\nА знаете ли вы, что:\r\n\r\nЕсли смочить деталь из PLA пластика этилацетатом (кисточкой, спреем, погружением), то он становится эластичным как резина и таким остается на очень продолжительный срок (возможно даже на всегда) даже после полного испарения этилацетата.\r\n\r\nPLA пластик идеально подходит для изготовления выжигаемых форм для литья металлов, так обладает практически нулевой зольностью и низкой температурой горения.\r\n\r\nДиаметр нити — 1,75 мм, максимальное отклонение +\\-0,02 мм.\r\nВ нити нет пузырьков воздуха, влаги и твердых включений. Подробнее: https://3dplast.biz/p591502160-pla-plastik-dlya.html', 1, 1, 1),
(103, 'PLA пластик для 3D печати,1.75 мм, 0.75 кг 0.75, Серый-графит ', 17, 69, 288, 1, '3dplast', 'PLA пластик рекомендован для печати высокоточных изделий с минимальной термоусадкой.\r\n\r\nПлюсы PLA пластика:\r\n\r\n1. Низкая усадка, высока размерная стабильность готовых изделий.\r\n\r\n2. Достаточно гладкая поверхность напечатанного из PLA-пластика изделия\r\n\r\n3. Хорошая детализация, простая доработка шлифовкой или другими, не требующими специального оборудования методами\r\n\r\n4. Легко металлизируется, обладает низким коэффициентом трения, из-за чего часто используется для создания подшипников скольжения.\r\n\r\n5. Является экологичным материалом (как по свойствам, так и по циклу изготовления). При нагреве не выделяет вредных веществ.\r\n\r\nА знаете ли вы, что:\r\n\r\nЕсли смочить деталь из PLA пластика этилацетатом (кисточкой, спреем, погружением), то он становится эластичным как резина и таким остается на очень продолжительный срок (возможно даже на всегда) даже после полного испарения этилацетата.\r\n\r\nPLA пластик идеально подходит для изготовления выжигаемых форм для литья металлов, так обладает практически нулевой зольностью и низкой температурой горения.\r\n\r\nДиаметр нити — 1,75 мм, максимальное отклонение +\\-0,02 мм.\r\nВ нити нет пузырьков воздуха, влаги и твердых включений.', 1, 1, 1),
(104, 'PLA пластик для 3D печати,1.75 мм, 0.75 кг 0.75, зеленый-травяной ', 17, 70, 288, 1, '3dplast', 'PLA пластик рекомендован для печати высокоточных изделий с минимальной термоусадкой.\r\n\r\nПлюсы PLA пластика:\r\n\r\n1. Низкая усадка, высока размерная стабильность готовых изделий.\r\n\r\n2. Достаточно гладкая поверхность напечатанного из PLA-пластика изделия\r\n\r\n3. Хорошая детализация, простая доработка шлифовкой или другими, не требующими специального оборудования методами\r\n\r\n4. Легко металлизируется, обладает низким коэффициентом трения, из-за чего часто используется для создания подшипников скольжения.\r\n\r\n5. Является экологичным материалом (как по свойствам, так и по циклу изготовления). При нагреве не выделяет вредных веществ.\r\n\r\nА знаете ли вы, что:\r\n\r\nЕсли смочить деталь из PLA пластика этилацетатом (кисточкой, спреем, погружением), то он становится эластичным как резина и таким остается на очень продолжительный срок (возможно даже на всегда) даже после полного испарения этилацетата.\r\n\r\nPLA пластик идеально подходит для изготовления выжигаемых форм для литья металлов, так обладает практически нулевой зольностью и низкой температурой горения.\r\n\r\nДиаметр нити — 1,75 мм, максимальное отклонение +\\-0,02 мм.\r\nВ нити нет пузырьков воздуха, влаги и твердых включений.', 1, 1, 1),
(105, 'PLA пластик для 3D печати,1.75 мм, 0.75 кг 0.75, Бордовый', 17, 71, 288, 1, '3dplast', 'PLA пластик рекомендован для печати высокоточных изделий с минимальной термоусадкой.\r\n\r\nПлюсы PLA пластика:\r\n\r\n1. Низкая усадка, высока размерная стабильность готовых изделий.\r\n\r\n2. Достаточно гладкая поверхность напечатанного из PLA-пластика изделия\r\n\r\n3. Хорошая детализация, простая доработка шлифовкой или другими, не требующими специального оборудования методами\r\n\r\n4. Легко металлизируется, обладает низким коэффициентом трения, из-за чего часто используется для создания подшипников скольжения.\r\n\r\n5. Является экологичным материалом (как по свойствам, так и по циклу изготовления). При нагреве не выделяет вредных веществ.\r\n\r\nА знаете ли вы, что:\r\n\r\nЕсли смочить деталь из PLA пластика этилацетатом (кисточкой, спреем, погружением), то он становится эластичным как резина и таким остается на очень продолжительный срок (возможно даже на всегда) даже после полного испарения этилацетата.\r\n\r\nPLA пластик идеально подходит для изготовления выжигаемых форм для литья металлов, так обладает практически нулевой зольностью и низкой температурой горения.\r\n\r\nДиаметр нити — 1,75 мм, максимальное отклонение +\\-0,02 мм.\r\nВ нити нет пузырьков воздуха, влаги и твердых включений.\r\n', 1, 1, 1),
(106, 'PLA пластик для 3D печати,1.75 мм, 0.75 кг 0.75, Оранжевый ', 17, 72, 288, 1, '3dplast', 'PLA пластик рекомендован для печати высокоточных изделий с минимальной термоусадкой.\r\n\r\nПлюсы PLA пластика:\r\n\r\n1. Низкая усадка, высока размерная стабильность готовых изделий.\r\n\r\n2. Достаточно гладкая поверхность напечатанного из PLA-пластика изделия\r\n\r\n3. Хорошая детализация, простая доработка шлифовкой или другими, не требующими специального оборудования методами\r\n\r\n4. Легко металлизируется, обладает низким коэффициентом трения, из-за чего часто используется для создания подшипников скольжения.\r\n\r\n5. Является экологичным материалом (как по свойствам, так и по циклу изготовления). При нагреве не выделяет вредных веществ.\r\n\r\nА знаете ли вы, что:\r\n\r\nЕсли смочить деталь из PLA пластика этилацетатом (кисточкой, спреем, погружением), то он становится эластичным как резина и таким остается на очень продолжительный срок (возможно даже на всегда) даже после полного испарения этилацетата.\r\n\r\nPLA пластик идеально подходит для изготовления выжигаемых форм для литья металлов, так обладает практически нулевой зольностью и низкой температурой горения.\r\n\r\nДиаметр нити — 1,75 мм, максимальное отклонение +\\-0,02 мм.\r\nВ нити нет пузырьков воздуха, влаги и твердых включений.', 1, 1, 1),
(107, 'PLA пластик для 3D печати,1.75 мм, 0.75 кг 0.75, серый  ', 17, 73, 288, 1, '3dplast', 'PLA пластик рекомендован для печати высокоточных изделий с минимальной термоусадкой.\r\n\r\nПлюсы PLA пластика:\r\n\r\n1. Низкая усадка, высока размерная стабильность готовых изделий.\r\n\r\n2. Достаточно гладкая поверхность напечатанного из PLA-пластика изделия\r\n\r\n3. Хорошая детализация, простая доработка шлифовкой или другими, не требующими специального оборудования методами\r\n\r\n4. Легко металлизируется, обладает низким коэффициентом трения, из-за чего часто используется для создания подшипников скольжения.\r\n\r\n5. Является экологичным материалом (как по свойствам, так и по циклу изготовления). При нагреве не выделяет вредных веществ.\r\n\r\nА знаете ли вы, что:\r\n\r\nЕсли смочить деталь из PLA пластика этилацетатом (кисточкой, спреем, погружением), то он становится эластичным как резина и таким остается на очень продолжительный срок (возможно даже на всегда) даже после полного испарения этилацетата.\r\n\r\nPLA пластик идеально подходит для изготовления выжигаемых форм для литья металлов, так обладает практически нулевой зольностью и низкой температурой горения.\r\n\r\nДиаметр нити — 1,75 мм, максимальное отклонение +\\-0,02 мм.\r\nВ нити нет пузырьков воздуха, влаги и твердых включений. ', 1, 1, 1),
(108, 'PLA пластик для 3D печати,1.75 мм, 0.75 кг 0.75, Белый ', 17, 74, 320, 1, '3dplast', 'PLA пластик рекомендован для печати высокоточных изделий с минимальной термоусадкой.\r\n\r\nПлюсы PLA пластика:\r\n\r\n1. Низкая усадка, высока размерная стабильность готовых изделий.\r\n\r\n2. Достаточно гладкая поверхность напечатанного из PLA-пластика изделия\r\n\r\n3. Хорошая детализация, простая доработка шлифовкой или другими, не требующими специального оборудования методами\r\n\r\n4. Легко металлизируется, обладает низким коэффициентом трения, из-за чего часто используется для создания подшипников скольжения.\r\n\r\n5. Является экологичным материалом (как по свойствам, так и по циклу изготовления). При нагреве не выделяет вредных веществ.\r\n\r\nА знаете ли вы, что:\r\n\r\nЕсли смочить деталь из PLA пластика этилацетатом (кисточкой, спреем, погружением), то он становится эластичным как резина и таким остается на очень продолжительный срок (возможно даже на всегда) даже после полного испарения этилацетата.\r\n\r\nPLA пластик идеально подходит для изготовления выжигаемых форм для литья металлов, так обладает практически нулевой зольностью и низкой температурой горения.\r\n\r\nДиаметр нити — 1,75 мм, максимальное отклонение +\\-0,02 мм.\r\nВ нити нет пузырьков воздуха, влаги и твердых включений. ', 1, 1, 1),
(109, 'PLA пластик для 3D печати,1.75 мм, 0.75 кг 0.75, перецвет ', 17, 75, 288, 1, '3dplast', 'PLA пластик рекомендован для печати высокоточных изделий с минимальной термоусадкой.\r\n\r\nПлюсы PLA пластика:\r\n\r\n1. Низкая усадка, высока размерная стабильность готовых изделий.\r\n\r\n2. Достаточно гладкая поверхность напечатанного из PLA-пластика изделия\r\n\r\n3. Хорошая детализация, простая доработка шлифовкой или другими, не требующими специального оборудования методами\r\n\r\n4. Легко металлизируется, обладает низким коэффициентом трения, из-за чего часто используется для создания подшипников скольжения.\r\n\r\n5. Является экологичным материалом (как по свойствам, так и по циклу изготовления). При нагреве не выделяет вредных веществ.\r\n\r\nА знаете ли вы, что:\r\n\r\nЕсли смочить деталь из PLA пластика этилацетатом (кисточкой, спреем, погружением), то он становится эластичным как резина и таким остается на очень продолжительный срок (возможно даже на всегда) даже после полного испарения этилацетата.\r\n\r\nPLA пластик идеально подходит для изготовления выжигаемых форм для литья металлов, так обладает практически нулевой зольностью и низкой температурой горения.\r\n\r\nДиаметр нити — 1,75 мм, максимальное отклонение +\\-0,02 мм.\r\nВ нити нет пузырьков воздуха, влаги и твердых включений. ', 1, 1, 1),
(110, 'PLA пластик для 3D печати,1.75 мм, 0.75 кг 0.75, Коричневый ', 17, 76, 320, 1, '3dplast', 'Купить\r\n+380994388996\r\nВес:\r\n\r\n0.75\r\n \r\n3\r\nВыбрать еще: Цвет\r\nУсловия оплаты и доставки График работы  Адрес и контакты\r\nвозврат товара в течение 14 дней по договоренности Подробнее\r\nPLA пластик рекомендован для печати высокоточных изделий с минимальной термоусадкой.\r\n\r\nПлюсы PLA пластика:\r\n\r\n1. Низкая усадка, высока размерная стабильность готовых изделий.\r\n\r\n2. Достаточно гладкая поверхность напечатанного из PLA-пластика изделия\r\n\r\n3. Хорошая детализация, простая доработка шлифовкой или другими, не требующими специального оборудования методами\r\n\r\n4. Легко металлизируется, обладает низким коэффициентом трения, из-за чего часто используется для создания подшипников скольжения.\r\n\r\n5. Является экологичным материалом (как по свойствам, так и по циклу изготовления). При нагреве не выделяет вредных веществ.\r\n\r\nА знаете ли вы, что:\r\n\r\nЕсли смочить деталь из PLA пластика этилацетатом (кисточкой, спреем, погружением), то он становится эластичным как резина и таким остается на очень продолжительный срок (возможно даже на всегда) даже после полного испарения этилацетата.\r\n\r\nPLA пластик идеально подходит для изготовления выжигаемых форм для литья металлов, так обладает практически нулевой зольностью и низкой температурой горения.\r\n\r\nДиаметр нити — 1,75 мм, максимальное отклонение +\\-0,02 мм.\r\nВ нити нет пузырьков воздуха, влаги и твердых включений', 1, 1, 1),
(111, 'PLA пластик для 3D печати,1.75 мм, 0.75 кг 0.75, Бежевый (телесный )', 17, 76, 320, 1, '3dplast', 'PLA пластик рекомендован для печати высокоточных изделий с минимальной термоусадкой.\r\n\r\nПлюсы PLA пластика:\r\n\r\n1. Низкая усадка, высока размерная стабильность готовых изделий.\r\n\r\n2. Достаточно гладкая поверхность напечатанного из PLA-пластика изделия\r\n\r\n3. Хорошая детализация, простая доработка шлифовкой или другими, не требующими специального оборудования методами\r\n\r\n4. Легко металлизируется, обладает низким коэффициентом трения, из-за чего часто используется для создания подшипников скольжения.\r\n\r\n5. Является экологичным материалом (как по свойствам, так и по циклу изготовления). При нагреве не выделяет вредных веществ.\r\n\r\nА знаете ли вы, что:\r\n\r\nЕсли смочить деталь из PLA пластика этилацетатом (кисточкой, спреем, погружением), то он становится эластичным как резина и таким остается на очень продолжительный срок (возможно даже на всегда) даже после полного испарения этилацетата.\r\n\r\nPLA пластик идеально подходит для изготовления выжигаемых форм для литья металлов, так обладает практически нулевой зольностью и низкой температурой горения.\r\n\r\nДиаметр нити — 1,75 мм, максимальное отклонение +\\-0,02 мм.\r\nВ нити нет пузырьков воздуха, влаги и твердых включений. ', 1, 1, 1);
INSERT INTO `product` (`id`, `name`, `category_id`, `code`, `price`, `availability`, `brand`, `description`, `is_new`, `is_recommended`, `status`) VALUES
(112, 'PLA пластик для 3D печати,1.75 мм, 0.75 кг 3, черный ', 17, 77, 1100, 1, '3dplast', 'PLA пластик рекомендован для печати высокоточных изделий с минимальной термоусадкой.\r\n\r\nПлюсы PLA пластика:\r\n\r\n1. Низкая усадка, высока размерная стабильность готовых изделий.\r\n\r\n2. Достаточно гладкая поверхность напечатанного из PLA-пластика изделия\r\n\r\n3. Хорошая детализация, простая доработка шлифовкой или другими, не требующими специального оборудования методами\r\n\r\n4. Легко металлизируется, обладает низким коэффициентом трения, из-за чего часто используется для создания подшипников скольжения.\r\n\r\n5. Является экологичным материалом (как по свойствам, так и по циклу изготовления). При нагреве не выделяет вредных веществ.\r\n\r\nА знаете ли вы, что:\r\n\r\nЕсли смочить деталь из PLA пластика этилацетатом (кисточкой, спреем, погружением), то он становится эластичным как резина и таким остается на очень продолжительный срок (возможно даже на всегда) даже после полного испарения этилацетата.\r\n\r\nPLA пластик идеально подходит для изготовления выжигаемых форм для литья металлов, так обладает практически нулевой зольностью и низкой температурой горения.\r\n\r\nДиаметр нити — 1,75 мм, максимальное отклонение +\\-0,02 мм.\r\nВ нити нет пузырьков воздуха, влаги и твердых включений. ', 1, 1, 1),
(113, 'PLA пластик для 3D печати,1.75 мм, 0.75 кг 3, белый ', 17, 77, 1100, 1, '3dplast', 'PLA пластик рекомендован для печати высокоточных изделий с минимальной термоусадкой.\r\n\r\nПлюсы PLA пластика:\r\n\r\n1. Низкая усадка, высока размерная стабильность готовых изделий.\r\n\r\n2. Достаточно гладкая поверхность напечатанного из PLA-пластика изделия\r\n\r\n3. Хорошая детализация, простая доработка шлифовкой или другими, не требующими специального оборудования методами\r\n\r\n4. Легко металлизируется, обладает низким коэффициентом трения, из-за чего часто используется для создания подшипников скольжения.\r\n\r\n5. Является экологичным материалом (как по свойствам, так и по циклу изготовления). При нагреве не выделяет вредных веществ.\r\n\r\nА знаете ли вы, что:\r\n\r\nЕсли смочить деталь из PLA пластика этилацетатом (кисточкой, спреем, погружением), то он становится эластичным как резина и таким остается на очень продолжительный срок (возможно даже на всегда) даже после полного испарения этилацетата.\r\n\r\nPLA пластик идеально подходит для изготовления выжигаемых форм для литья металлов, так обладает практически нулевой зольностью и низкой температурой горения.\r\n\r\nДиаметр нити — 1,75 мм, максимальное отклонение +\\-0,02 мм.\r\nВ нити нет пузырьков воздуха, влаги и твердых включений.', 1, 1, 1),
(114, 'PLA пластик для 3D печати,1.75 мм, 0.75 кг 3, серый-графит ', 17, 78, 1100, 1, '3dplast', 'PLA пластик рекомендован для печати высокоточных изделий с минимальной термоусадкой.\r\n\r\nПлюсы PLA пластика:\r\n\r\n1. Низкая усадка, высока размерная стабильность готовых изделий.\r\n\r\n2. Достаточно гладкая поверхность напечатанного из PLA-пластика изделия\r\n\r\n3. Хорошая детализация, простая доработка шлифовкой или другими, не требующими специального оборудования методами\r\n\r\n4. Легко металлизируется, обладает низким коэффициентом трения, из-за чего часто используется для создания подшипников скольжения.\r\n\r\n5. Является экологичным материалом (как по свойствам, так и по циклу изготовления). При нагреве не выделяет вредных веществ.\r\n\r\nА знаете ли вы, что:\r\n\r\nЕсли смочить деталь из PLA пластика этилацетатом (кисточкой, спреем, погружением), то он становится эластичным как резина и таким остается на очень продолжительный срок (возможно даже на всегда) даже после полного испарения этилацетата.\r\n\r\nPLA пластик идеально подходит для изготовления выжигаемых форм для литья металлов, так обладает практически нулевой зольностью и низкой температурой горения.\r\n\r\nДиаметр нити — 1,75 мм, максимальное отклонение +\\-0,02 мм.\r\nВ нити нет пузырьков воздуха, влаги и твердых включений. ', 1, 1, 1),
(115, 'PLA пластик для 3D печати,1.75 мм, 0.75 кг 0.75, пурпурный ', 17, 78, 320, 1, '3dplast', 'PLA пластик рекомендован для печати высокоточных изделий с минимальной термоусадкой.\r\n\r\nПлюсы PLA пластика:\r\n\r\n1. Низкая усадка, высока размерная стабильность готовых изделий.\r\n\r\n2. Достаточно гладкая поверхность напечатанного из PLA-пластика изделия\r\n\r\n3. Хорошая детализация, простая доработка шлифовкой или другими, не требующими специального оборудования методами\r\n\r\n4. Легко металлизируется, обладает низким коэффициентом трения, из-за чего часто используется для создания подшипников скольжения.\r\n\r\n5. Является экологичным материалом (как по свойствам, так и по циклу изготовления). При нагреве не выделяет вредных веществ.\r\n\r\nА знаете ли вы, что:\r\n\r\nЕсли смочить деталь из PLA пластика этилацетатом (кисточкой, спреем, погружением), то он становится эластичным как резина и таким остается на очень продолжительный срок (возможно даже на всегда) даже после полного испарения этилацетата.\r\n\r\nPLA пластик идеально подходит для изготовления выжигаемых форм для литья металлов, так обладает практически нулевой зольностью и низкой температурой горения.\r\n\r\nДиаметр нити — 1,75 мм, максимальное отклонение +\\-0,02 мм.\r\nВ нити нет пузырьков воздуха, влаги и твердых включений. ', 1, 1, 1),
(116, 'PLA пластик для 3D печати,1.75 мм, 0.75 кг 0.75, хаки (милитари) ', 13, 79, 320, 1, '3dplast', 'PLA пластик рекомендован для печати высокоточных изделий с минимальной термоусадкой.\r\n\r\nПлюсы PLA пластика:\r\n\r\n1. Низкая усадка, высока размерная стабильность готовых изделий.\r\n\r\n2. Достаточно гладкая поверхность напечатанного из PLA-пластика изделия\r\n\r\n3. Хорошая детализация, простая доработка шлифовкой или другими, не требующими специального оборудования методами\r\n\r\n4. Легко металлизируется, обладает низким коэффициентом трения, из-за чего часто используется для создания подшипников скольжения.\r\n\r\n5. Является экологичным материалом (как по свойствам, так и по циклу изготовления). При нагреве не выделяет вредных веществ.\r\n\r\nА знаете ли вы, что:\r\n\r\nЕсли смочить деталь из PLA пластика этилацетатом (кисточкой, спреем, погружением), то он становится эластичным как резина и таким остается на очень продолжительный срок (возможно даже на всегда) даже после полного испарения этилацетата.\r\n\r\nPLA пластик идеально подходит для изготовления выжигаемых форм для литья металлов, так обладает практически нулевой зольностью и низкой температурой горения.\r\n\r\nДиаметр нити — 1,75 мм, максимальное отклонение +\\-0,02 мм.\r\nВ нити нет пузырьков воздуха, влаги и твердых включений. ', 1, 1, 1),
(117, 'PLA пластик для 3D печати,1.75 мм, 0.75 кг 0.75, Красный ', 17, 79, 320, 1, '3dplast', 'PLA пластик рекомендован для печати высокоточных изделий с минимальной термоусадкой.\r\n\r\nПлюсы PLA пластика:\r\n\r\n1. Низкая усадка, высока размерная стабильность готовых изделий.\r\n\r\n2. Достаточно гладкая поверхность напечатанного из PLA-пластика изделия\r\n\r\n3. Хорошая детализация, простая доработка шлифовкой или другими, не требующими специального оборудования методами\r\n\r\n4. Легко металлизируется, обладает низким коэффициентом трения, из-за чего часто используется для создания подшипников скольжения.\r\n\r\n5. Является экологичным материалом (как по свойствам, так и по циклу изготовления). При нагреве не выделяет вредных веществ.\r\n\r\nА знаете ли вы, что:\r\n\r\nЕсли смочить деталь из PLA пластика этилацетатом (кисточкой, спреем, погружением), то он становится эластичным как резина и таким остается на очень продолжительный срок (возможно даже на всегда) даже после полного испарения этилацетата.\r\n\r\nPLA пластик идеально подходит для изготовления выжигаемых форм для литья металлов, так обладает практически нулевой зольностью и низкой температурой горения.\r\n\r\nДиаметр нити — 1,75 мм, максимальное отклонение +\\-0,02 мм.\r\nВ нити нет пузырьков воздуха, влаги и твердых включений.', 1, 1, 1),
(118, 'PLA пластик для 3D печати,1.75 мм, 0.75 кг 0.75, Фиолетовый ', 17, 80, 320, 1, '3dplast', 'PLA пластик рекомендован для печати высокоточных изделий с минимальной термоусадкой.\r\n\r\nПлюсы PLA пластика:\r\n\r\n1. Низкая усадка, высока размерная стабильность готовых изделий.\r\n\r\n2. Достаточно гладкая поверхность напечатанного из PLA-пластика изделия\r\n\r\n3. Хорошая детализация, простая доработка шлифовкой или другими, не требующими специального оборудования методами\r\n\r\n4. Легко металлизируется, обладает низким коэффициентом трения, из-за чего часто используется для создания подшипников скольжения.\r\n\r\n5. Является экологичным материалом (как по свойствам, так и по циклу изготовления). При нагреве не выделяет вредных веществ.\r\n\r\nА знаете ли вы, что:\r\n\r\nЕсли смочить деталь из PLA пластика этилацетатом (кисточкой, спреем, погружением), то он становится эластичным как резина и таким остается на очень продолжительный срок (возможно даже на всегда) даже после полного испарения этилацетата.\r\n\r\nPLA пластик идеально подходит для изготовления выжигаемых форм для литья металлов, так обладает практически нулевой зольностью и низкой температурой горения.\r\n\r\nДиаметр нити — 1,75 мм, максимальное отклонение +\\-0,02 мм.\r\nВ нити нет пузырьков воздуха, влаги и твердых включений.', 1, 1, 1),
(119, 'PLA пластик для 3D печати,1.75 мм, 0.75 кг 0.75, Желтый ', 17, 82, 320, 1, '3dplast', 'PLA пластик рекомендован для печати высокоточных изделий с минимальной термоусадкой.\r\n\r\nПлюсы PLA пластика:\r\n\r\n1. Низкая усадка, высока размерная стабильность готовых изделий.\r\n\r\n2. Достаточно гладкая поверхность напечатанного из PLA-пластика изделия\r\n\r\n3. Хорошая детализация, простая доработка шлифовкой или другими, не требующими специального оборудования методами\r\n\r\n4. Легко металлизируется, обладает низким коэффициентом трения, из-за чего часто используется для создания подшипников скольжения.\r\n\r\n5. Является экологичным материалом (как по свойствам, так и по циклу изготовления). При нагреве не выделяет вредных веществ.\r\n\r\nА знаете ли вы, что:\r\n\r\nЕсли смочить деталь из PLA пластика этилацетатом (кисточкой, спреем, погружением), то он становится эластичным как резина и таким остается на очень продолжительный срок (возможно даже на всегда) даже после полного испарения этилацетата.\r\n\r\nPLA пластик идеально подходит для изготовления выжигаемых форм для литья металлов, так обладает практически нулевой зольностью и низкой температурой горения.\r\n\r\nДиаметр нити — 1,75 мм, максимальное отклонение +\\-0,02 мм.\r\nВ нити нет пузырьков воздуха, влаги и твердых включений.', 1, 1, 1),
(120, 'PLA пластик для 3D печати,1.75 мм, 0.75 кг 0.75, неокрашеный', 17, 83, 310, 1, '3dplast', 'PLA пластик рекомендован для печати высокоточных изделий с минимальной термоусадкой.\r\n\r\nПлюсы PLA пластика:\r\n\r\n1. Низкая усадка, высока размерная стабильность готовых изделий.\r\n\r\n2. Достаточно гладкая поверхность напечатанного из PLA-пластика изделия\r\n\r\n3. Хорошая детализация, простая доработка шлифовкой или другими, не требующими специального оборудования методами\r\n\r\n4. Легко металлизируется, обладает низким коэффициентом трения, из-за чего часто используется для создания подшипников скольжения.\r\n\r\n5. Является экологичным материалом (как по свойствам, так и по циклу изготовления). При нагреве не выделяет вредных веществ.\r\n\r\nА знаете ли вы, что:\r\n\r\nЕсли смочить деталь из PLA пластика этилацетатом (кисточкой, спреем, погружением), то он становится эластичным как резина и таким остается на очень продолжительный срок (возможно даже на всегда) даже после полного испарения этилацетата.\r\n\r\nPLA пластик идеально подходит для изготовления выжигаемых форм для литья металлов, так обладает практически нулевой зольностью и низкой температурой горения.\r\n\r\nДиаметр нити — 1,75 мм, максимальное отклонение +\\-0,02 мм.\r\nВ нити нет пузырьков воздуха, влаги и твердых включений.', 1, 1, 1),
(121, 'PLA пластик для 3D печати,1.75 мм, 0.75 кг Синий, 0.75 ', 17, 84, 320, 1, '3dplast', 'PLA пластик рекомендован для печати высокоточных изделий с минимальной термоусадкой.\r\n\r\nПлюсы PLA пластика:\r\n\r\n1. Низкая усадка, высока размерная стабильность готовых изделий.\r\n\r\n2. Достаточно гладкая поверхность напечатанного из PLA-пластика изделия\r\n\r\n3. Хорошая детализация, простая доработка шлифовкой или другими, не требующими специального оборудования методами\r\n\r\n4. Легко металлизируется, обладает низким коэффициентом трения, из-за чего часто используется для создания подшипников скольжения.\r\n\r\n5. Является экологичным материалом (как по свойствам, так и по циклу изготовления). При нагреве не выделяет вредных веществ.\r\n\r\nА знаете ли вы, что:\r\n\r\nЕсли смочить деталь из PLA пластика этилацетатом (кисточкой, спреем, погружением), то он становится эластичным как резина и таким остается на очень продолжительный срок (возможно даже на всегда) даже после полного испарения этилацетата.\r\n\r\nPLA пластик идеально подходит для изготовления выжигаемых форм для литья металлов, так обладает практически нулевой зольностью и низкой температурой горения.\r\n\r\nДиаметр нити — 1,75 мм, максимальное отклонение +\\-0,02 мм.\r\nВ нити нет пузырьков воздуха, влаги и твердых включений. ', 1, 1, 1),
(122, 'PLA пластик для 3D печати,1.75 мм, 0.75 кг 0.75, Зеленый ', 17, 85, 320, 1, '3dplast', 'PLA пластик рекомендован для печати высокоточных изделий с минимальной термоусадкой.\r\n\r\nПлюсы PLA пластика:\r\n\r\n1. Низкая усадка, высока размерная стабильность готовых изделий.\r\n\r\n2. Достаточно гладкая поверхность напечатанного из PLA-пластика изделия\r\n\r\n3. Хорошая детализация, простая доработка шлифовкой или другими, не требующими специального оборудования методами\r\n\r\n4. Легко металлизируется, обладает низким коэффициентом трения, из-за чего часто используется для создания подшипников скольжения.\r\n\r\n5. Является экологичным материалом (как по свойствам, так и по циклу изготовления). При нагреве не выделяет вредных веществ.\r\n\r\nА знаете ли вы, что:\r\n\r\nЕсли смочить деталь из PLA пластика этилацетатом (кисточкой, спреем, погружением), то он становится эластичным как резина и таким остается на очень продолжительный срок (возможно даже на всегда) даже после полного испарения этилацетата.\r\n\r\nPLA пластик идеально подходит для изготовления выжигаемых форм для литья металлов, так обладает практически нулевой зольностью и низкой температурой горения.\r\n\r\nДиаметр нити — 1,75 мм, максимальное отклонение +\\-0,02 мм.\r\nВ нити нет пузырьков воздуха, влаги и твердых включений. ', 1, 1, 1),
(123, 'PLA пластик для 3D печати,1.75 мм, 0.75 кг 0.75, Голубой ', 17, 86, 320, 1, '3dplast', 'PLA пластик рекомендован для печати высокоточных изделий с минимальной термоусадкой.\r\n\r\nПлюсы PLA пластика:\r\n\r\n1. Низкая усадка, высока размерная стабильность готовых изделий.\r\n\r\n2. Достаточно гладкая поверхность напечатанного из PLA-пластика изделия\r\n\r\n3. Хорошая детализация, простая доработка шлифовкой или другими, не требующими специального оборудования методами\r\n\r\n4. Легко металлизируется, обладает низким коэффициентом трения, из-за чего часто используется для создания подшипников скольжения.\r\n\r\n5. Является экологичным материалом (как по свойствам, так и по циклу изготовления). При нагреве не выделяет вредных веществ.\r\n\r\nА знаете ли вы, что:\r\n\r\nЕсли смочить деталь из PLA пластика этилацетатом (кисточкой, спреем, погружением), то он становится эластичным как резина и таким остается на очень продолжительный срок (возможно даже на всегда) даже после полного испарения этилацетата.\r\n\r\nPLA пластик идеально подходит для изготовления выжигаемых форм для литья металлов, так обладает практически нулевой зольностью и низкой температурой горения.\r\n\r\nДиаметр нити — 1,75 мм, максимальное отклонение +\\-0,02 мм.\r\nВ нити нет пузырьков воздуха, влаги и твердых включений. ', 1, 1, 1),
(124, 'PLA пластик для 3D печати,1.75 мм, 0.75 кг 0.75, Бирюзовый ', 17, 87, 320, 1, '3dplast', 'PLA пластик рекомендован для печати высокоточных изделий с минимальной термоусадкой.\r\n\r\nПлюсы PLA пластика:\r\n\r\n1. Низкая усадка, высока размерная стабильность готовых изделий.\r\n\r\n2. Достаточно гладкая поверхность напечатанного из PLA-пластика изделия\r\n\r\n3. Хорошая детализация, простая доработка шлифовкой или другими, не требующими специального оборудования методами\r\n\r\n4. Легко металлизируется, обладает низким коэффициентом трения, из-за чего часто используется для создания подшипников скольжения.\r\n\r\n5. Является экологичным материалом (как по свойствам, так и по циклу изготовления). При нагреве не выделяет вредных веществ.\r\n\r\nА знаете ли вы, что:\r\n\r\nЕсли смочить деталь из PLA пластика этилацетатом (кисточкой, спреем, погружением), то он становится эластичным как резина и таким остается на очень продолжительный срок (возможно даже на всегда) даже после полного испарения этилацетата.\r\n\r\nPLA пластик идеально подходит для изготовления выжигаемых форм для литья металлов, так обладает практически нулевой зольностью и низкой температурой горения.\r\n\r\nДиаметр нити — 1,75 мм, максимальное отклонение +\\-0,02 мм.\r\nВ нити нет пузырьков воздуха, влаги и твердых включений. ', 1, 1, 1),
(125, 'PLA пластик для 3D печати, 2.85 мм, 0.75 кг 0.75 кг, оранжевый ', 17, 88, 320, 1, '3dplast', 'PLA пластик рекомендован для печати высокоточных изделий с минимальной термоусадкой.\r\n\r\nПлюсы PLA пластика:\r\n\r\n1. Низкая усадка, высока размерная стабильность готовых изделий.\r\n\r\n2. Достаточно гладкая поверхность напечатанного из PLA-пластика изделия\r\n\r\n3. Хорошая детализация, простая доработка шлифовкой или другими, не требующими специального оборудования методами\r\n\r\n4. Легко металлизируется, обладает низким коэффициентом трения, из-за чего часто используется для создания подшипников скольжения.\r\n\r\n5. Является экологичным материалом (как по свойствам, так и по циклу изготовления). При нагреве не выделяет вредных веществ.\r\n\r\nА знаете ли вы, что:\r\n\r\nЕсли смочить деталь из PLA пластика этилацетатом (кисточкой, спреем, погружением), то он становится эластичным как резина и таким остается на очень продолжительный срок (возможно даже на всегда) даже после полного испарения этилацетата.\r\n\r\nPLA пластик идеально подходит для изготовления выжигаемых форм для литья металлов, так обладает практически нулевой зольностью и низкой температурой горения.\r\n\r\nДиаметр нити — 2,85 мм, максимальное отклонение +\\-0,02 мм.\r\nВ нити нет пузырьков воздуха, влаги и твердых включений.', 1, 1, 1),
(126, 'PLA пластик для 3D печати, 2.85 мм, 0.75 кг 0.75 кг, зеленый-травяной ', 17, 89, 320, 1, '3dplast', 'PLA пластик рекомендован для печати высокоточных изделий с минимальной термоусадкой.\r\n\r\nПлюсы PLA пластика:\r\n\r\n1. Низкая усадка, высока размерная стабильность готовых изделий.\r\n\r\n2. Достаточно гладкая поверхность напечатанного из PLA-пластика изделия\r\n\r\n3. Хорошая детализация, простая доработка шлифовкой или другими, не требующими специального оборудования методами\r\n\r\n4. Легко металлизируется, обладает низким коэффициентом трения, из-за чего часто используется для создания подшипников скольжения.\r\n\r\n5. Является экологичным материалом (как по свойствам, так и по циклу изготовления). При нагреве не выделяет вредных веществ.\r\n\r\nА знаете ли вы, что:\r\n\r\nЕсли смочить деталь из PLA пластика этилацетатом (кисточкой, спреем, погружением), то он становится эластичным как резина и таким остается на очень продолжительный срок (возможно даже на всегда) даже после полного испарения этилацетата.\r\n\r\nPLA пластик идеально подходит для изготовления выжигаемых форм для литья металлов, так обладает практически нулевой зольностью и низкой температурой горения.\r\n\r\nДиаметр нити — 2,85 мм, максимальное отклонение +\\-0,02 мм.\r\nВ нити нет пузырьков воздуха, влаги и твердых включений. ', 1, 1, 1),
(127, 'PLA пластик для 3D печати, 2.85 мм, 0.75 кг 0.75 кг, зеленый', 17, 89, 320, 1, '3dplast', 'PLA пластик рекомендован для печати высокоточных изделий с минимальной термоусадкой.\r\n\r\nПлюсы PLA пластика:\r\n\r\n1. Низкая усадка, высока размерная стабильность готовых изделий.\r\n\r\n2. Достаточно гладкая поверхность напечатанного из PLA-пластика изделия\r\n\r\n3. Хорошая детализация, простая доработка шлифовкой или другими, не требующими специального оборудования методами\r\n\r\n4. Легко металлизируется, обладает низким коэффициентом трения, из-за чего часто используется для создания подшипников скольжения.\r\n\r\n5. Является экологичным материалом (как по свойствам, так и по циклу изготовления). При нагреве не выделяет вредных веществ.\r\n\r\nА знаете ли вы, что:\r\n\r\nЕсли смочить деталь из PLA пластика этилацетатом (кисточкой, спреем, погружением), то он становится эластичным как резина и таким остается на очень продолжительный срок (возможно даже на всегда) даже после полного испарения этилацетата.\r\n\r\nPLA пластик идеально подходит для изготовления выжигаемых форм для литья металлов, так обладает практически нулевой зольностью и низкой температурой горения.\r\n\r\nДиаметр нити — 2,85 мм, максимальное отклонение +\\-0,02 мм.\r\nВ нити нет пузырьков воздуха, влаги и твердых включений. ', 1, 1, 1),
(128, 'PLA пластик для 3D печати, 2.85 мм, 0.75 кг 0.75 кг, красный', 17, 90, 320, 1, '3dplast', 'PLA пластик рекомендован для печати высокоточных изделий с минимальной термоусадкой.\r\n\r\nПлюсы PLA пластика:\r\n\r\n1. Низкая усадка, высока размерная стабильность готовых изделий.\r\n\r\n2. Достаточно гладкая поверхность напечатанного из PLA-пластика изделия\r\n\r\n3. Хорошая детализация, простая доработка шлифовкой или другими, не требующими специального оборудования методами\r\n\r\n4. Легко металлизируется, обладает низким коэффициентом трения, из-за чего часто используется для создания подшипников скольжения.\r\n\r\n5. Является экологичным материалом (как по свойствам, так и по циклу изготовления). При нагреве не выделяет вредных веществ.\r\n\r\nА знаете ли вы, что:\r\n\r\nЕсли смочить деталь из PLA пластика этилацетатом (кисточкой, спреем, погружением), то он становится эластичным как резина и таким остается на очень продолжительный срок (возможно даже на всегда) даже после полного испарения этилацетата.\r\n\r\nPLA пластик идеально подходит для изготовления выжигаемых форм для литья металлов, так обладает практически нулевой зольностью и низкой температурой горения.\r\n\r\nДиаметр нити — 2,85 мм, максимальное отклонение +\\-0,02 мм.\r\nВ нити нет пузырьков воздуха, влаги и твердых включений. ', 1, 1, 1),
(129, 'PLA пластик для 3D печати, 2.85 мм, 0.75 кг 0.75 кг, синий ', 17, 91, 320, 1, '3dplast', 'PLA пластик рекомендован для печати высокоточных изделий с минимальной термоусадкой.\r\n\r\nПлюсы PLA пластика:\r\n\r\n1. Низкая усадка, высока размерная стабильность готовых изделий.\r\n\r\n2. Достаточно гладкая поверхность напечатанного из PLA-пластика изделия\r\n\r\n3. Хорошая детализация, простая доработка шлифовкой или другими, не требующими специального оборудования методами\r\n\r\n4. Легко металлизируется, обладает низким коэффициентом трения, из-за чего часто используется для создания подшипников скольжения.\r\n\r\n5. Является экологичным материалом (как по свойствам, так и по циклу изготовления). При нагреве не выделяет вредных веществ.\r\n\r\nА знаете ли вы, что:\r\n\r\nЕсли смочить деталь из PLA пластика этилацетатом (кисточкой, спреем, погружением), то он становится эластичным как резина и таким остается на очень продолжительный срок (возможно даже на всегда) даже после полного испарения этилацетата.\r\n\r\nPLA пластик идеально подходит для изготовления выжигаемых форм для литья металлов, так обладает практически нулевой зольностью и низкой температурой горения.\r\n\r\nДиаметр нити — 2,85 мм, максимальное отклонение +\\-0,02 мм.\r\nВ нити нет пузырьков воздуха, влаги и твердых включений.', 1, 1, 1),
(130, 'PLA пластик для 3D печати, 2.85 мм, 0.75 кг 0.75 кг, желтый', 17, 92, 320, 1, '3dplast', 'PLA пластик рекомендован для печати высокоточных изделий с минимальной термоусадкой.\r\n\r\nПлюсы PLA пластика:\r\n\r\n1. Низкая усадка, высока размерная стабильность готовых изделий.\r\n\r\n2. Достаточно гладкая поверхность напечатанного из PLA-пластика изделия\r\n\r\n3. Хорошая детализация, простая доработка шлифовкой или другими, не требующими специального оборудования методами\r\n\r\n4. Легко металлизируется, обладает низким коэффициентом трения, из-за чего часто используется для создания подшипников скольжения.\r\n\r\n5. Является экологичным материалом (как по свойствам, так и по циклу изготовления). При нагреве не выделяет вредных веществ.\r\n\r\nА знаете ли вы, что:\r\n\r\nЕсли смочить деталь из PLA пластика этилацетатом (кисточкой, спреем, погружением), то он становится эластичным как резина и таким остается на очень продолжительный срок (возможно даже на всегда) даже после полного испарения этилацетата.\r\n\r\nPLA пластик идеально подходит для изготовления выжигаемых форм для литья металлов, так обладает практически нулевой зольностью и низкой температурой горения.\r\n\r\nДиаметр нити — 2,85 мм, максимальное отклонение +\\-0,02 мм.\r\nВ нити нет пузырьков воздуха, влаги и твердых включений. ', 1, 1, 1),
(131, 'PLA пластик для 3D печати, 2.85 мм, 0.75 кг 0.75 кг, фиолетовый ', 17, 93, 320, 1, '3dplast', 'PLA пластик рекомендован для печати высокоточных изделий с минимальной термоусадкой.\r\n\r\nПлюсы PLA пластика:\r\n\r\n1. Низкая усадка, высока размерная стабильность готовых изделий.\r\n\r\n2. Достаточно гладкая поверхность напечатанного из PLA-пластика изделия\r\n\r\n3. Хорошая детализация, простая доработка шлифовкой или другими, не требующими специального оборудования методами\r\n\r\n4. Легко металлизируется, обладает низким коэффициентом трения, из-за чего часто используется для создания подшипников скольжения.\r\n\r\n5. Является экологичным материалом (как по свойствам, так и по циклу изготовления). При нагреве не выделяет вредных веществ.\r\n\r\nА знаете ли вы, что:\r\n\r\nЕсли смочить деталь из PLA пластика этилацетатом (кисточкой, спреем, погружением), то он становится эластичным как резина и таким остается на очень продолжительный срок (возможно даже на всегда) даже после полного испарения этилацетата.\r\n\r\nPLA пластик идеально подходит для изготовления выжигаемых форм для литья металлов, так обладает практически нулевой зольностью и низкой температурой горения.\r\n\r\nДиаметр нити — 2,85 мм, максимальное отклонение +\\-0,02 мм.\r\nВ нити нет пузырьков воздуха, влаги и твердых включений.', 1, 1, 1),
(132, 'PLA пластик для 3D печати, 2.85 мм, 0.75 кг 0.75 кг, черный ', 17, 94, 320, 1, '3dplast', 'PLA пластик рекомендован для печати высокоточных изделий с минимальной термоусадкой.\r\n\r\nПлюсы PLA пластика:\r\n\r\n1. Низкая усадка, высока размерная стабильность готовых изделий.\r\n\r\n2. Достаточно гладкая поверхность напечатанного из PLA-пластика изделия\r\n\r\n3. Хорошая детализация, простая доработка шлифовкой или другими, не требующими специального оборудования методами\r\n\r\n4. Легко металлизируется, обладает низким коэффициентом трения, из-за чего часто используется для создания подшипников скольжения.\r\n\r\n5. Является экологичным материалом (как по свойствам, так и по циклу изготовления). При нагреве не выделяет вредных веществ.\r\n\r\nА знаете ли вы, что:\r\n\r\nЕсли смочить деталь из PLA пластика этилацетатом (кисточкой, спреем, погружением), то он становится эластичным как резина и таким остается на очень продолжительный срок (возможно даже на всегда) даже после полного испарения этилацетата.\r\n\r\nPLA пластик идеально подходит для изготовления выжигаемых форм для литья металлов, так обладает практически нулевой зольностью и низкой температурой горения.\r\n\r\nДиаметр нити — 2,85 мм, максимальное отклонение +\\-0,02 мм.\r\nВ нити нет пузырьков воздуха, влаги и твердых включений. ', 1, 1, 1),
(133, 'PLA пластик для 3D печати, 2.85 мм, 0.75 кг 0.75 кг, голубой ', 17, 95, 320, 1, '3dplast', 'PLA пластик рекомендован для печати высокоточных изделий с минимальной термоусадкой.\r\n\r\nПлюсы PLA пластика:\r\n\r\n1. Низкая усадка, высока размерная стабильность готовых изделий.\r\n\r\n2. Достаточно гладкая поверхность напечатанного из PLA-пластика изделия\r\n\r\n3. Хорошая детализация, простая доработка шлифовкой или другими, не требующими специального оборудования методами\r\n\r\n4. Легко металлизируется, обладает низким коэффициентом трения, из-за чего часто используется для создания подшипников скольжения.\r\n\r\n5. Является экологичным материалом (как по свойствам, так и по циклу изготовления). При нагреве не выделяет вредных веществ.\r\n\r\nА знаете ли вы, что:\r\n\r\nЕсли смочить деталь из PLA пластика этилацетатом (кисточкой, спреем, погружением), то он становится эластичным как резина и таким остается на очень продолжительный срок (возможно даже на всегда) даже после полного испарения этилацетата.\r\n\r\nPLA пластик идеально подходит для изготовления выжигаемых форм для литья металлов, так обладает практически нулевой зольностью и низкой температурой горения.\r\n\r\nДиаметр нити — 2,85 мм, максимальное отклонение +\\-0,02 мм.\r\nВ нити нет пузырьков воздуха, влаги и твердых включений.', 1, 1, 1),
(134, 'PLA пластик для 3D печати, 2.85 мм, 0.75 кг 0.75 кг, белый ', 17, 96, 320, 1, '3dplast', 'PLA пластик рекомендован для печати высокоточных изделий с минимальной термоусадкой.\r\n\r\nПлюсы PLA пластика:\r\n\r\n1. Низкая усадка, высока размерная стабильность готовых изделий.\r\n\r\n2. Достаточно гладкая поверхность напечатанного из PLA-пластика изделия\r\n\r\n3. Хорошая детализация, простая доработка шлифовкой или другими, не требующими специального оборудования методами\r\n\r\n4. Легко металлизируется, обладает низким коэффициентом трения, из-за чего часто используется для создания подшипников скольжения.\r\n\r\n5. Является экологичным материалом (как по свойствам, так и по циклу изготовления). При нагреве не выделяет вредных веществ.\r\n\r\nА знаете ли вы, что:\r\n\r\nЕсли смочить деталь из PLA пластика этилацетатом (кисточкой, спреем, погружением), то он становится эластичным как резина и таким остается на очень продолжительный срок (возможно даже на всегда) даже после полного испарения этилацетата.\r\n\r\nPLA пластик идеально подходит для изготовления выжигаемых форм для литья металлов, так обладает практически нулевой зольностью и низкой температурой горения.\r\n\r\nДиаметр нити — 2,85 мм, максимальное отклонение +\\-0,02 мм.\r\nВ нити нет пузырьков воздуха, влаги и твердых включений. ', 1, 1, 1),
(135, 'CoPET (PETg) пластик для 3D печати,1.75 мм 3 кг, серый-графит ', 17, 97, 1150, 1, '3dplast', 'CoPET, он же ПЭТГ, PETg, ПЄТж, соПЕТ – это износостойкий сополиэфир (комбинация), т. е. PET полиэтилентерефталат модифицированный гликолем для улучшения температурных и физико-механических свойств.\r\n\r\nПлюсы CoPET при 3D печати:\r\n\r\nНизкая усадка как у ПЛА, но в отличие от ПЛА более гибкий и ударопрочный, более термостойкий, более продолжительный срок жизни.\r\n\r\nЖесткость почти как у АБС, но в отличие от АБС не имеет усадки, более высокая спекаемость слоев, более безопасен (не выделяет вредных веществ при 3D печати и разрешен контакт с пищей)\r\n\r\nИзносостойкость почти как у Нейлона, по печатать CoPET в разы проще чем Нейлоном.\r\n\r\nХимическая стойкость:\r\n\r\nстоек к воде и водным растворам солей, разбавленным кислотам и щелочам, алифатическим углеводородам, растительным и животным маслам и жирам; не стоек к ароматическим углеводородам, бензину, кетонам.\r\n\r\nРежимы 3D печати:\r\n\r\nТемпература сопла — 220-250 градусов\r\n\r\nТемпература стола — 60-90 градусов.\r\n\r\nОбдув — не обязательно.\r\n\r\nДиаметр нити — 1,75 мм, максимальное отклонение +\\-0,02 мм.\r\nВ нити нет пузырьков воздуха, влаги и твердых включений. ', 1, 1, 1),
(136, 'CoPET (PETg) пластик для 3D печати,1.75 мм 0.75 кг, белый ', 17, 98, 330, 1, '3dplast', 'CoPET, он же ПЭТГ, PETg, ПЄТж, соПЕТ – это износостойкий сополиэфир (комбинация), т. е. PET полиэтилентерефталат модифицированный гликолем для улучшения температурных и физико-механических свойств.\r\n\r\nПлюсы CoPET при 3D печати:\r\n\r\nНизкая усадка как у ПЛА, но в отличие от ПЛА более гибкий и ударопрочный, более термостойкий, более продолжительный срок жизни.\r\n\r\nЖесткость почти как у АБС, но в отличие от АБС не имеет усадки, более высокая спекаемость слоев, более безопасен (не выделяет вредных веществ при 3D печати и разрешен контакт с пищей)\r\n\r\nИзносостойкость почти как у Нейлона, по печатать CoPET в разы проще чем Нейлоном.\r\n\r\nХимическая стойкость:\r\n\r\nстоек к воде и водным растворам солей, разбавленным кислотам и щелочам, алифатическим углеводородам, растительным и животным маслам и жирам; не стоек к ароматическим углеводородам, бензину, кетонам.\r\n\r\nРежимы 3D печати:\r\n\r\nТемпература сопла — 220-250 градусов\r\n\r\nТемпература стола — 60-90 градусов.\r\n\r\nОбдув — не обязательно.\r\n\r\nДиаметр нити — 1,75 мм, максимальное отклонение +\\-0,02 мм.\r\nВ нити нет пузырьков воздуха, влаги и твердых включений. ', 1, 1, 1),
(137, 'CoPET (PETg) пластик для 3D печати,1.75 мм 0.75 кг, перецвет (преходной)', 17, 99, 290, 1, '3dplast', 'CoPET, он же ПЭТГ, PETg, ПЄТж, соПЕТ – это износостойкий сополиэфир (комбинация), т. е. PET полиэтилентерефталат модифицированный гликолем для улучшения температурных и физико-механических свойств.\r\n\r\nПлюсы CoPET при 3D печати:\r\n\r\nНизкая усадка как у ПЛА, но в отличие от ПЛА более гибкий и ударопрочный, более термостойкий, более продолжительный срок жизни.\r\n\r\nЖесткость почти как у АБС, но в отличие от АБС не имеет усадки, более высокая спекаемость слоев, более безопасен (не выделяет вредных веществ при 3D печати и разрешен контакт с пищей)\r\n\r\nИзносостойкость почти как у Нейлона, по печатать CoPET в разы проще чем Нейлоном.\r\n\r\nХимическая стойкость:\r\n\r\nстоек к воде и водным растворам солей, разбавленным кислотам и щелочам, алифатическим углеводородам, растительным и животным маслам и жирам; не стоек к ароматическим углеводородам, бензину, кетонам.\r\n\r\nРежимы 3D печати:\r\n\r\nТемпература сопла — 220-250 градусов\r\n\r\nТемпература стола — 60-90 градусов.\r\n\r\nОбдув — не обязательно.\r\n\r\nДиаметр нити — 1,75 мм, максимальное отклонение +\\-0,02 мм.\r\nВ нити нет пузырьков воздуха, влаги и твердых включений. ', 1, 1, 1),
(138, 'CoPET (PETg) пластик для 3D печати,1.75 мм 0.75 кг, оранжевый ', 17, 100, 330, 1, '3dplast', 'CoPET, он же ПЭТГ, PETg, ПЄТж, соПЕТ – это износостойкий сополиэфир (комбинация), т. е. PET полиэтилентерефталат модифицированный гликолем для улучшения температурных и физико-механических свойств.\r\n\r\nПлюсы CoPET при 3D печати:\r\n\r\nНизкая усадка как у ПЛА, но в отличие от ПЛА более гибкий и ударопрочный, более термостойкий, более продолжительный срок жизни.\r\n\r\nЖесткость почти как у АБС, но в отличие от АБС не имеет усадки, более высокая спекаемость слоев, более безопасен (не выделяет вредных веществ при 3D печати и разрешен контакт с пищей)\r\n\r\nИзносостойкость почти как у Нейлона, по печатать CoPET в разы проще чем Нейлоном.\r\n\r\nХимическая стойкость:\r\n\r\nстоек к воде и водным растворам солей, разбавленным кислотам и щелочам, алифатическим углеводородам, растительным и животным маслам и жирам; не стоек к ароматическим углеводородам, бензину, кетонам.\r\n\r\nРежимы 3D печати:\r\n\r\nТемпература сопла — 220-250 градусов\r\n\r\nТемпература стола — 60-90 градусов.\r\n\r\nОбдув — не обязательно.\r\n\r\nДиаметр нити — 1,75 мм, максимальное отклонение +\\-0,02 мм.\r\nВ нити нет пузырьков воздуха, влаги и твердых включений. ', 1, 1, 1),
(139, 'CoPET (PETg) пластик для 3D печати,1.75 мм 0.75 кг, серый-металлик ', 17, 101, 330, 1, '3dplast', 'CoPET, он же ПЭТГ, PETg, ПЄТж, соПЕТ – это износостойкий сополиэфир (комбинация), т. е. PET полиэтилентерефталат модифицированный гликолем для улучшения температурных и физико-механических свойств.\r\n\r\nПлюсы CoPET при 3D печати:\r\n\r\nНизкая усадка как у ПЛА, но в отличие от ПЛА более гибкий и ударопрочный, более термостойкий, более продолжительный срок жизни.\r\n\r\nЖесткость почти как у АБС, но в отличие от АБС не имеет усадки, более высокая спекаемость слоев, более безопасен (не выделяет вредных веществ при 3D печати и разрешен контакт с пищей)\r\n\r\nИзносостойкость почти как у Нейлона, по печатать CoPET в разы проще чем Нейлоном.\r\n\r\nХимическая стойкость:\r\n\r\nстоек к воде и водным растворам солей, разбавленным кислотам и щелочам, алифатическим углеводородам, растительным и животным маслам и жирам; не стоек к ароматическим углеводородам, бензину, кетонам.\r\n\r\nРежимы 3D печати:\r\n\r\nТемпература сопла — 220-250 градусов\r\n\r\nТемпература стола — 60-90 градусов.\r\n\r\nОбдув — не обязательно.\r\n\r\nДиаметр нити — 1,75 мм, максимальное отклонение +\\-0,02 мм.\r\nВ нити нет пузырьков воздуха, влаги и твердых включений. ', 1, 1, 1),
(140, 'CoPET (PETg) пластик для 3D печати,1.75 мм 3 кг, белый ', 17, 102, 1150, 1, '3dplast', 'CoPET, он же ПЭТГ, PETg, ПЄТж, соПЕТ – это износостойкий сополиэфир (комбинация), т. е. PET полиэтилентерефталат модифицированный гликолем для улучшения температурных и физико-механических свойств.\r\n\r\nПлюсы CoPET при 3D печати:\r\n\r\nНизкая усадка как у ПЛА, но в отличие от ПЛА более гибкий и ударопрочный, более термостойкий, более продолжительный срок жизни.\r\n\r\nЖесткость почти как у АБС, но в отличие от АБС не имеет усадки, более высокая спекаемость слоев, более безопасен (не выделяет вредных веществ при 3D печати и разрешен контакт с пищей)\r\n\r\nИзносостойкость почти как у Нейлона, по печатать CoPET в разы проще чем Нейлоном.\r\n\r\nХимическая стойкость:\r\n\r\nстоек к воде и водным растворам солей, разбавленным кислотам и щелочам, алифатическим углеводородам, растительным и животным маслам и жирам; не стоек к ароматическим углеводородам, бензину, кетонам.\r\n\r\nРежимы 3D печати:\r\n\r\nТемпература сопла — 220-250 градусов\r\n\r\nТемпература стола — 60-90 градусов.\r\n\r\nОбдув — не обязательно.\r\n\r\nДиаметр нити — 1,75 мм, максимальное отклонение +\\-0,02 мм.\r\nВ нити нет пузырьков воздуха, влаги и твердых включений. ', 1, 1, 1),
(141, 'CoPET (PETg) пластик для 3D печати,1.75 мм 3 кг, черный ', 17, 103, 1150, 1, '3dplast', 'CoPET, он же ПЭТГ, PETg, ПЄТж, соПЕТ – это износостойкий сополиэфир (комбинация), т. е. PET полиэтилентерефталат модифицированный гликолем для улучшения температурных и физико-механических свойств.\r\n\r\nПлюсы CoPET при 3D печати:\r\n\r\nНизкая усадка как у ПЛА, но в отличие от ПЛА более гибкий и ударопрочный, более термостойкий, более продолжительный срок жизни.\r\n\r\nЖесткость почти как у АБС, но в отличие от АБС не имеет усадки, более высокая спекаемость слоев, более безопасен (не выделяет вредных веществ при 3D печати и разрешен контакт с пищей)\r\n\r\nИзносостойкость почти как у Нейлона, по печатать CoPET в разы проще чем Нейлоном.\r\n\r\nХимическая стойкость:\r\n\r\nстоек к воде и водным растворам солей, разбавленным кислотам и щелочам, алифатическим углеводородам, растительным и животным маслам и жирам; не стоек к ароматическим углеводородам, бензину, кетонам.\r\n\r\nРежимы 3D печати:\r\n\r\nТемпература сопла — 220-250 градусов\r\n\r\nТемпература стола — 60-90 градусов.\r\n\r\nОбдув — не обязательно.\r\n\r\nДиаметр нити — 1,75 мм, максимальное отклонение +\\-0,02 мм.\r\nВ нити нет пузырьков воздуха, влаги и твердых включений.', 1, 1, 1),
(142, 'CoPET (PETg) пластик для 3D печати,1.75 мм 0.75 кг, бежевый (телесный) ', 17, 104, 330, 1, '3dplast', 'CoPET, он же ПЭТГ, PETg, ПЄТж, соПЕТ – это износостойкий сополиэфир (комбинация), т. е. PET полиэтилентерефталат модифицированный гликолем для улучшения температурных и физико-механических свойств.\r\n\r\nПлюсы CoPET при 3D печати:\r\n\r\nНизкая усадка как у ПЛА, но в отличие от ПЛА более гибкий и ударопрочный, более термостойкий, более продолжительный срок жизни.\r\n\r\nЖесткость почти как у АБС, но в отличие от АБС не имеет усадки, более высокая спекаемость слоев, более безопасен (не выделяет вредных веществ при 3D печати и разрешен контакт с пищей)\r\n\r\nИзносостойкость почти как у Нейлона, по печатать CoPET в разы проще чем Нейлоном.\r\n\r\nХимическая стойкость:\r\n\r\nстоек к воде и водным растворам солей, разбавленным кислотам и щелочам, алифатическим углеводородам, растительным и животным маслам и жирам; не стоек к ароматическим углеводородам, бензину, кетонам.\r\n\r\nРежимы 3D печати:\r\n\r\nТемпература сопла — 220-250 градусов\r\n\r\nТемпература стола — 60-90 градусов.\r\n\r\nОбдув — не обязательно.\r\n\r\nДиаметр нити — 1,75 мм, максимальное отклонение +\\-0,02 мм.\r\nВ нити нет пузырьков воздуха, влаги и твердых включений. ', 1, 1, 1),
(143, 'CoPET (PETg) пластик для 3D печати,1.75 мм 0.75 кг, зеленый', 17, 104, 330, 1, '3dplast', 'CoPET, он же ПЭТГ, PETg, ПЄТж, соПЕТ – это износостойкий сополиэфир (комбинация), т. е. PET полиэтилентерефталат модифицированный гликолем для улучшения температурных и физико-механических свойств.\r\n\r\nПлюсы CoPET при 3D печати:\r\n\r\nНизкая усадка как у ПЛА, но в отличие от ПЛА более гибкий и ударопрочный, более термостойкий, более продолжительный срок жизни.\r\n\r\nЖесткость почти как у АБС, но в отличие от АБС не имеет усадки, более высокая спекаемость слоев, более безопасен (не выделяет вредных веществ при 3D печати и разрешен контакт с пищей)\r\n\r\nИзносостойкость почти как у Нейлона, по печатать CoPET в разы проще чем Нейлоном.\r\n\r\nХимическая стойкость:\r\n\r\nстоек к воде и водным растворам солей, разбавленным кислотам и щелочам, алифатическим углеводородам, растительным и животным маслам и жирам; не стоек к ароматическим углеводородам, бензину, кетонам.\r\n\r\nРежимы 3D печати:\r\n\r\nТемпература сопла — 220-250 градусов\r\n\r\nТемпература стола — 60-90 градусов.\r\n\r\nОбдув — не обязательно.\r\n\r\nДиаметр нити — 1,75 мм, максимальное отклонение +\\-0,02 мм.\r\nВ нити нет пузырьков воздуха, влаги и твердых включений. ', 1, 1, 1),
(144, 'CoPET (PETg) пластик для 3D печати,1.75 мм 0.75 кг, коричневый ', 17, 106, 330, 1, '3dplast', 'CoPET, он же ПЭТГ, PETg, ПЄТж, соПЕТ – это износостойкий сополиэфир (комбинация), т. е. PET полиэтилентерефталат модифицированный гликолем для улучшения температурных и физико-механических свойств.\r\n\r\nПлюсы CoPET при 3D печати:\r\n\r\nНизкая усадка как у ПЛА, но в отличие от ПЛА более гибкий и ударопрочный, более термостойкий, более продолжительный срок жизни.\r\n\r\nЖесткость почти как у АБС, но в отличие от АБС не имеет усадки, более высокая спекаемость слоев, более безопасен (не выделяет вредных веществ при 3D печати и разрешен контакт с пищей)\r\n\r\nИзносостойкость почти как у Нейлона, по печатать CoPET в разы проще чем Нейлоном.\r\n\r\nХимическая стойкость:\r\n\r\nстоек к воде и водным растворам солей, разбавленным кислотам и щелочам, алифатическим углеводородам, растительным и животным маслам и жирам; не стоек к ароматическим углеводородам, бензину, кетонам.\r\n\r\nРежимы 3D печати:\r\n\r\nТемпература сопла — 220-250 градусов\r\n\r\nТемпература стола — 60-90 градусов.\r\n\r\nОбдув — не обязательно.\r\n\r\nДиаметр нити — 1,75 мм, максимальное отклонение +\\-0,02 мм.\r\nВ нити нет пузырьков воздуха, влаги и твердых включений. ', 1, 1, 1),
(145, 'CoPET (PETg) пластик для 3D печати,1.75 мм 0.75 кг, голубой ', 17, 107, 330, 1, '3dplast', 'CoPET, он же ПЭТГ, PETg, ПЄТж, соПЕТ – это износостойкий сополиэфир (комбинация), т. е. PET полиэтилентерефталат модифицированный гликолем для улучшения температурных и физико-механических свойств.\r\n\r\nПлюсы CoPET при 3D печати:\r\n\r\nНизкая усадка как у ПЛА, но в отличие от ПЛА более гибкий и ударопрочный, более термостойкий, более продолжительный срок жизни.\r\n\r\nЖесткость почти как у АБС, но в отличие от АБС не имеет усадки, более высокая спекаемость слоев, более безопасен (не выделяет вредных веществ при 3D печати и разрешен контакт с пищей)\r\n\r\nИзносостойкость почти как у Нейлона, по печатать CoPET в разы проще чем Нейлоном.\r\n\r\nХимическая стойкость:\r\n\r\nстоек к воде и водным растворам солей, разбавленным кислотам и щелочам, алифатическим углеводородам, растительным и животным маслам и жирам; не стоек к ароматическим углеводородам, бензину, кетонам.\r\n\r\nРежимы 3D печати:\r\n\r\nТемпература сопла — 220-250 градусов\r\n\r\nТемпература стола — 60-90 градусов.\r\n\r\nОбдув — не обязательно.\r\n\r\nДиаметр нити — 1,75 мм, максимальное отклонение +\\-0,02 мм.\r\nВ нити нет пузырьков воздуха, влаги и твердых включений. ', 1, 1, 1),
(146, 'CoPET (PETg) пластик для 3D печати,1.75 мм 0.75 кг, бордовый', 17, 108, 330, 1, '3dplast', 'CoPET, он же ПЭТГ, PETg, ПЄТж, соПЕТ – это износостойкий сополиэфир (комбинация), т. е. PET полиэтилентерефталат модифицированный гликолем для улучшения температурных и физико-механических свойств.\r\n\r\nПлюсы CoPET при 3D печати:\r\n\r\nНизкая усадка как у ПЛА, но в отличие от ПЛА более гибкий и ударопрочный, более термостойкий, более продолжительный срок жизни.\r\n\r\nЖесткость почти как у АБС, но в отличие от АБС не имеет усадки, более высокая спекаемость слоев, более безопасен (не выделяет вредных веществ при 3D печати и разрешен контакт с пищей)\r\n\r\nИзносостойкость почти как у Нейлона, по печатать CoPET в разы проще чем Нейлоном.\r\n\r\nХимическая стойкость:\r\n\r\nстоек к воде и водным растворам солей, разбавленным кислотам и щелочам, алифатическим углеводородам, растительным и животным маслам и жирам; не стоек к ароматическим углеводородам, бензину, кетонам.\r\n\r\nРежимы 3D печати:\r\n\r\nТемпература сопла — 220-250 градусов\r\n\r\nТемпература стола — 60-90 градусов.\r\n\r\nОбдув — не обязательно.\r\n\r\nДиаметр нити — 1,75 мм, максимальное отклонение +\\-0,02 мм.\r\nВ нити нет пузырьков воздуха, влаги и твердых включений. ', 1, 1, 1),
(147, 'CoPET (PETg) пластик для 3D печати,1.75 мм 0.75 кг, синий ', 17, 109, 330, 1, '3dplast', 'CoPET, он же ПЭТГ, PETg, ПЄТж, соПЕТ – это износостойкий сополиэфир (комбинация), т. е. PET полиэтилентерефталат модифицированный гликолем для улучшения температурных и физико-механических свойств.\r\n\r\nПлюсы CoPET при 3D печати:\r\n\r\nНизкая усадка как у ПЛА, но в отличие от ПЛА более гибкий и ударопрочный, более термостойкий, более продолжительный срок жизни.\r\n\r\nЖесткость почти как у АБС, но в отличие от АБС не имеет усадки, более высокая спекаемость слоев, более безопасен (не выделяет вредных веществ при 3D печати и разрешен контакт с пищей)\r\n\r\nИзносостойкость почти как у Нейлона, по печатать CoPET в разы проще чем Нейлоном.\r\n\r\nХимическая стойкость:\r\n\r\nстоек к воде и водным растворам солей, разбавленным кислотам и щелочам, алифатическим углеводородам, растительным и животным маслам и жирам; не стоек к ароматическим углеводородам, бензину, кетонам.\r\n\r\nРежимы 3D печати:\r\n\r\nТемпература сопла — 220-250 градусов\r\n\r\nТемпература стола — 60-90 градусов.\r\n\r\nОбдув — не обязательно.\r\n\r\nДиаметр нити — 1,75 мм, максимальное отклонение +\\-0,02 мм.\r\nВ нити нет пузырьков воздуха, влаги и твердых включений. ', 1, 1, 1),
(148, 'CoPET (PETg) пластик для 3D печати,1.75 мм 0.75 кг, пурпурный ', 17, 110, 330, 1, '3dplast', 'CoPET, он же ПЭТГ, PETg, ПЄТж, соПЕТ – это износостойкий сополиэфир (комбинация), т. е. PET полиэтилентерефталат модифицированный гликолем для улучшения температурных и физико-механических свойств.\r\n\r\nПлюсы CoPET при 3D печати:\r\n\r\nНизкая усадка как у ПЛА, но в отличие от ПЛА более гибкий и ударопрочный, более термостойкий, более продолжительный срок жизни.\r\n\r\nЖесткость почти как у АБС, но в отличие от АБС не имеет усадки, более высокая спекаемость слоев, более безопасен (не выделяет вредных веществ при 3D печати и разрешен контакт с пищей)\r\n\r\nИзносостойкость почти как у Нейлона, по печатать CoPET в разы проще чем Нейлоном.\r\n\r\nХимическая стойкость:\r\n\r\nстоек к воде и водным растворам солей, разбавленным кислотам и щелочам, алифатическим углеводородам, растительным и животным маслам и жирам; не стоек к ароматическим углеводородам, бензину, кетонам.\r\n\r\nРежимы 3D печати:\r\n\r\nТемпература сопла — 220-250 градусов\r\n\r\nТемпература стола — 60-90 градусов.\r\n\r\nОбдув — не обязательно.\r\n\r\nДиаметр нити — 1,75 мм, максимальное отклонение +\\-0,02 мм.\r\nВ нити нет пузырьков воздуха, влаги и твердых включений.', 1, 1, 1),
(149, 'CoPET (PETg) пластик для 3D печати,1.75 мм 0.75 кг, прозрачный  ', 17, 111, 320, 1, '3dplast', 'CoPET, он же ПЭТГ, PETg, ПЄТж, соПЕТ – это износостойкий сополиэфир (комбинация), т. е. PET полиэтилентерефталат модифицированный гликолем для улучшения температурных и физико-механических свойств.\r\n\r\nПлюсы CoPET при 3D печати:\r\n\r\nНизкая усадка как у ПЛА, но в отличие от ПЛА более гибкий и ударопрочный, более термостойкий, более продолжительный срок жизни.\r\n\r\nЖесткость почти как у АБС, но в отличие от АБС не имеет усадки, более высокая спекаемость слоев, более безопасен (не выделяет вредных веществ при 3D печати и разрешен контакт с пищей)\r\n\r\nИзносостойкость почти как у Нейлона, по печатать CoPET в разы проще чем Нейлоном.\r\n\r\nХимическая стойкость:\r\n\r\nстоек к воде и водным растворам солей, разбавленным кислотам и щелочам, алифатическим углеводородам, растительным и животным маслам и жирам; не стоек к ароматическим углеводородам, бензину, кетонам.\r\n\r\nРежимы 3D печати:\r\n\r\nТемпература сопла — 220-250 градусов\r\n\r\nТемпература стола — 60-90 градусов.\r\n\r\nОбдув — не обязательно.\r\n\r\nДиаметр нити — 1,75 мм, максимальное отклонение +\\-0,02 мм.\r\nВ нити нет пузырьков воздуха, влаги и твердых включений. ', 1, 1, 1);
INSERT INTO `product` (`id`, `name`, `category_id`, `code`, `price`, `availability`, `brand`, `description`, `is_new`, `is_recommended`, `status`) VALUES
(150, 'CoPET (PETg) пластик для 3D печати,1.75 мм 0.75 кг, фиолетовый ', 17, 112, 330, 1, '3dplast', 'CoPET, он же ПЭТГ, PETg, ПЄТж, соПЕТ – это износостойкий сополиэфир (комбинация), т. е. PET полиэтилентерефталат модифицированный гликолем для улучшения температурных и физико-механических свойств.\r\n\r\nПлюсы CoPET при 3D печати:\r\n\r\nНизкая усадка как у ПЛА, но в отличие от ПЛА более гибкий и ударопрочный, более термостойкий, более продолжительный срок жизни.\r\n\r\nЖесткость почти как у АБС, но в отличие от АБС не имеет усадки, более высокая спекаемость слоев, более безопасен (не выделяет вредных веществ при 3D печати и разрешен контакт с пищей)\r\n\r\nИзносостойкость почти как у Нейлона, по печатать CoPET в разы проще чем Нейлоном.\r\n\r\nХимическая стойкость:\r\n\r\nстоек к воде и водным растворам солей, разбавленным кислотам и щелочам, алифатическим углеводородам, растительным и животным маслам и жирам; не стоек к ароматическим углеводородам, бензину, кетонам.\r\n\r\nРежимы 3D печати:\r\n\r\nТемпература сопла — 220-250 градусов\r\n\r\nТемпература стола — 60-90 градусов.\r\n\r\nОбдув — не обязательно.\r\n\r\nДиаметр нити — 1,75 мм, максимальное отклонение +\\-0,02 мм.\r\nВ нити нет пузырьков воздуха, влаги и твердых включений. ', 1, 1, 1),
(151, 'CoPET (PETg) пластик для 3D печати,1.75 мм 0.75 кг, серый ', 17, 113, 330, 1, '3dplast', 'CoPET, он же ПЭТГ, PETg, ПЄТж, соПЕТ – это износостойкий сополиэфир (комбинация), т. е. PET полиэтилентерефталат модифицированный гликолем для улучшения температурных и физико-механических свойств.\r\n\r\nПлюсы CoPET при 3D печати:\r\n\r\nНизкая усадка как у ПЛА, но в отличие от ПЛА более гибкий и ударопрочный, более термостойкий, более продолжительный срок жизни.\r\n\r\nЖесткость почти как у АБС, но в отличие от АБС не имеет усадки, более высокая спекаемость слоев, более безопасен (не выделяет вредных веществ при 3D печати и разрешен контакт с пищей)\r\n\r\nИзносостойкость почти как у Нейлона, по печатать CoPET в разы проще чем Нейлоном.\r\n\r\nХимическая стойкость:\r\n\r\nстоек к воде и водным растворам солей, разбавленным кислотам и щелочам, алифатическим углеводородам, растительным и животным маслам и жирам; не стоек к ароматическим углеводородам, бензину, кетонам.\r\n\r\nРежимы 3D печати:\r\n\r\nТемпература сопла — 220-250 градусов\r\n\r\nТемпература стола — 60-90 градусов.\r\n\r\nОбдув — не обязательно.\r\n\r\nДиаметр нити — 1,75 мм, максимальное отклонение +\\-0,02 мм.\r\nВ нити нет пузырьков воздуха, влаги и твердых включений. ', 1, 1, 1),
(152, 'CoPET (PETg) пластик для 3D печати,1.75 мм 0.75 кг, желтый ', 17, 114, 330, 1, '3dplast', 'CoPET, он же ПЭТГ, PETg, ПЄТж, соПЕТ – это износостойкий сополиэфир (комбинация), т. е. PET полиэтилентерефталат модифицированный гликолем для улучшения температурных и физико-механических свойств.\r\n\r\nПлюсы CoPET при 3D печати:\r\n\r\nНизкая усадка как у ПЛА, но в отличие от ПЛА более гибкий и ударопрочный, более термостойкий, более продолжительный срок жизни.\r\n\r\nЖесткость почти как у АБС, но в отличие от АБС не имеет усадки, более высокая спекаемость слоев, более безопасен (не выделяет вредных веществ при 3D печати и разрешен контакт с пищей)\r\n\r\nИзносостойкость почти как у Нейлона, по печатать CoPET в разы проще чем Нейлоном.\r\n\r\nХимическая стойкость:\r\n\r\nстоек к воде и водным растворам солей, разбавленным кислотам и щелочам, алифатическим углеводородам, растительным и животным маслам и жирам; не стоек к ароматическим углеводородам, бензину, кетонам.\r\n\r\nРежимы 3D печати:\r\n\r\nТемпература сопла — 220-250 градусов\r\n\r\nТемпература стола — 60-90 градусов.\r\n\r\nОбдув — не обязательно.\r\n\r\nДиаметр нити — 1,75 мм, максимальное отклонение +\\-0,02 мм.\r\nВ нити нет пузырьков воздуха, влаги и твердых включений. ', 1, 1, 1),
(153, 'CoPET (PETg) пластик для 3D печати,1.75 мм 0.75 кг, красный ', 13, 115, 330, 1, '3dplast', 'CoPET, он же ПЭТГ, PETg, ПЄТж, соПЕТ – это износостойкий сополиэфир (комбинация), т. е. PET полиэтилентерефталат модифицированный гликолем для улучшения температурных и физико-механических свойств.\r\n\r\nПлюсы CoPET при 3D печати:\r\n\r\nНизкая усадка как у ПЛА, но в отличие от ПЛА более гибкий и ударопрочный, более термостойкий, более продолжительный срок жизни.\r\n\r\nЖесткость почти как у АБС, но в отличие от АБС не имеет усадки, более высокая спекаемость слоев, более безопасен (не выделяет вредных веществ при 3D печати и разрешен контакт с пищей)\r\n\r\nИзносостойкость почти как у Нейлона, по печатать CoPET в разы проще чем Нейлоном.\r\n\r\nХимическая стойкость:\r\n\r\nстоек к воде и водным растворам солей, разбавленным кислотам и щелочам, алифатическим углеводородам, растительным и животным маслам и жирам; не стоек к ароматическим углеводородам, бензину, кетонам.\r\n\r\nРежимы 3D печати:\r\n\r\nТемпература сопла — 220-250 градусов\r\n\r\nТемпература стола — 60-90 градусов.\r\n\r\nОбдув — не обязательно.\r\n\r\nДиаметр нити — 1,75 мм, максимальное отклонение +\\-0,02 мм.\r\nВ нити нет пузырьков воздуха, влаги и твердых включений. ', 1, 1, 1),
(154, 'CoPET (PETg) пластик для 3D печати,1.75 мм 0.75 кг, серый-графит ', 17, 116, 330, 1, '3dplast', 'CoPET, он же ПЭТГ, PETg, ПЄТж, соПЕТ – это износостойкий сополиэфир (комбинация), т. е. PET полиэтилентерефталат модифицированный гликолем для улучшения температурных и физико-механических свойств.\r\n\r\nПлюсы CoPET при 3D печати:\r\n\r\nНизкая усадка как у ПЛА, но в отличие от ПЛА более гибкий и ударопрочный, более термостойкий, более продолжительный срок жизни.\r\n\r\nЖесткость почти как у АБС, но в отличие от АБС не имеет усадки, более высокая спекаемость слоев, более безопасен (не выделяет вредных веществ при 3D печати и разрешен контакт с пищей)\r\n\r\nИзносостойкость почти как у Нейлона, по печатать CoPET в разы проще чем Нейлоном.\r\n\r\nХимическая стойкость:\r\n\r\nстоек к воде и водным растворам солей, разбавленным кислотам и щелочам, алифатическим углеводородам, растительным и животным маслам и жирам; не стоек к ароматическим углеводородам, бензину, кетонам.\r\n\r\nРежимы 3D печати:\r\n\r\nТемпература сопла — 220-250 градусов\r\n\r\nТемпература стола — 60-90 градусов.\r\n\r\nОбдув — не обязательно.\r\n\r\nДиаметр нити — 1,75 мм, максимальное отклонение +\\-0,02 мм.\r\nВ нити нет пузырьков воздуха, влаги и твердых включений. ', 1, 1, 1),
(155, 'CoPET (PETg) пластик для 3D печати,1.75 мм 0.75 кг, зеленый-травяной', 17, 116, 330, 1, '3dplast', 'CoPET, он же ПЭТГ, PETg, ПЄТж, соПЕТ – это износостойкий сополиэфир (комбинация), т. е. PET полиэтилентерефталат модифицированный гликолем для улучшения температурных и физико-механических свойств.\r\n\r\nПлюсы CoPET при 3D печати:\r\n\r\nНизкая усадка как у ПЛА, но в отличие от ПЛА более гибкий и ударопрочный, более термостойкий, более продолжительный срок жизни.\r\n\r\nЖесткость почти как у АБС, но в отличие от АБС не имеет усадки, более высокая спекаемость слоев, более безопасен (не выделяет вредных веществ при 3D печати и разрешен контакт с пищей)\r\n\r\nИзносостойкость почти как у Нейлона, по печатать CoPET в разы проще чем Нейлоном.\r\n\r\nХимическая стойкость:\r\n\r\nстоек к воде и водным растворам солей, разбавленным кислотам и щелочам, алифатическим углеводородам, растительным и животным маслам и жирам; не стоек к ароматическим углеводородам, бензину, кетонам.\r\n\r\nРежимы 3D печати:\r\n\r\nТемпература сопла — 220-250 градусов\r\n\r\nТемпература стола — 60-90 градусов.\r\n\r\nОбдув — не обязательно.\r\n\r\nДиаметр нити — 1,75 мм, максимальное отклонение +\\-0,02 мм.\r\nВ нити нет пузырьков воздуха, влаги и твердых включений.', 1, 1, 1),
(156, 'CoPET (PETg) пластик для 3D печати,1.75 мм 0.75 кг, бирюзовый ', 17, 117, 330, 1, '3dplast', 'CoPET, он же ПЭТГ, PETg, ПЄТж, соПЕТ – это износостойкий сополиэфир (комбинация), т. е. PET полиэтилентерефталат модифицированный гликолем для улучшения температурных и физико-механических свойств.\r\n\r\nПлюсы CoPET при 3D печати:\r\n\r\nНизкая усадка как у ПЛА, но в отличие от ПЛА более гибкий и ударопрочный, более термостойкий, более продолжительный срок жизни.\r\n\r\nЖесткость почти как у АБС, но в отличие от АБС не имеет усадки, более высокая спекаемость слоев, более безопасен (не выделяет вредных веществ при 3D печати и разрешен контакт с пищей)\r\n\r\nИзносостойкость почти как у Нейлона, по печатать CoPET в разы проще чем Нейлоном.\r\n\r\nХимическая стойкость:\r\n\r\nстоек к воде и водным растворам солей, разбавленным кислотам и щелочам, алифатическим углеводородам, растительным и животным маслам и жирам; не стоек к ароматическим углеводородам, бензину, кетонам.\r\n\r\nРежимы 3D печати:\r\n\r\nТемпература сопла — 220-250 градусов\r\n\r\nТемпература стола — 60-90 градусов.\r\n\r\nОбдув — не обязательно.\r\n\r\nДиаметр нити — 1,75 мм, максимальное отклонение +\\-0,02 мм.\r\nВ нити нет пузырьков воздуха, влаги и твердых включений.', 1, 1, 1),
(158, 'Нить ABS (АБС) пластик для 3D принтера, 1.75 мм, 0,75 кг. желтый 0.4 ', 17, 118, 200, 1, '3dplast', 'ABS (акрилонитрил-бутадиен-стирол) является отличнымматериалом для реализации ваших проектов. АБС пластик конструкционный материал высокими физико-механичными характеристиками, легко поддается механической обработке, выдерживает температуры до 80°C. При печати АБС пластиком возможны деформации модели в открытом принтере, в следствии быстрого охлаждении модели.\r\n\r\nДиаметр нити — 1,75 мм, максимальное отклонение +\\-0,02 мм.\r\nВ нити нет пузырьков воздуха, влаги и твердых включений. ', 1, 1, 1),
(159, 'Нить ABS (АБС) пластик для 3D принтера, 1.75 мм, 0,75 кг. желтый 0.75', 17, 119, 230, 1, '3dplast', 'ABS (акрилонитрил-бутадиен-стирол) является отличнымматериалом для реализации ваших проектов. АБС пластик конструкционный материал высокими физико-механичными характеристиками, легко поддается механической обработке, выдерживает температуры до 80°C. При печати АБС пластиком возможны деформации модели в открытом принтере, в следствии быстрого охлаждении модели.\r\n\r\nДиаметр нити — 1,75 мм, максимальное отклонение +\\-0,02 мм.\r\nВ нити нет пузырьков воздуха, влаги и твердых включений. ', 1, 1, 1),
(160, 'Нить ABS пластик для 3D принтера, серый 2.5, серый металлик ', 17, 120, 500, 1, '3dplast', 'ABS (акрилонитрил-бутадиен-стирол) является отличнымматериалом для реализации ваших проектов. АБС пластик конструкционный материал высокими физико-механичными характеристиками, легко поддается механической обработке, выдерживает температуры до 80°C. При печати АБС пластиком возможны деформации модели в открытом принтере, в следствии быстрого охлаждении модели.\r\n\r\nДиаметр нити — 1,75 мм, максимальное отклонение +\\-0,02 мм.\r\nВ нити нет пузырьков воздуха, влаги и твердых включений. ', 1, 1, 1),
(161, 'Нить ABS пластик для 3D принтера, серый 2.5, Серый ', 17, 121, 500, 1, '3dplast', 'ABS (акрилонитрил-бутадиен-стирол) является отличнымматериалом для реализации ваших проектов. АБС пластик конструкционный материал высокими физико-механичными характеристиками, легко поддается механической обработке, выдерживает температуры до 80°C. При печати АБС пластиком возможны деформации модели в открытом принтере, в следствии быстрого охлаждении модели.\r\n\r\nДиаметр нити — 1,75 мм, максимальное отклонение +\\-0,02 мм.\r\nВ нити нет пузырьков воздуха, влаги и твердых включений. ', 1, 1, 1),
(162, 'Нить ABS (АБС) пластик для 3D принтера, 1.75 мм, белый 2.5 ', 17, 122, 500, 1, '3dplast', 'ABS (акрилонитрил-бутадиен-стирол) является отличнымматериалом для реализации ваших проектов. АБС пластик конструкционный материал высокими физико-механичными характеристиками, легко поддается механической обработке, выдерживает температуры до 80°C. При печати АБС пластиком возможны деформации модели в открытом принтере, в следствии быстрого охлаждении модели.\r\n\r\nДиаметр нити — 1,75 мм, максимальное отклонение +\\-0,02 мм.\r\nВ нити нет пузырьков воздуха, влаги и твердых включений. \r\n', 1, 1, 1),
(163, 'Нить ABS пластик для 3D принтера, серый 2.5, серый-графит ', 17, 123, 500, 1, '3dplast', 'ABS (акрилонитрил-бутадиен-стирол) является отличнымматериалом для реализации ваших проектов. АБС пластик конструкционный материал высокими физико-механичными характеристиками, легко поддается механической обработке, выдерживает температуры до 80°C. При печати АБС пластиком возможны деформации модели в открытом принтере, в следствии быстрого охлаждении модели.\r\n\r\nДиаметр нити — 1,75 мм, максимальное отклонение +\\-0,02 мм.\r\nВ нити нет пузырьков воздуха, влаги и твердых включений. ', 1, 1, 1),
(164, 'Нить ABS пластик для 3D принтера, серый 2.5, темно-серый ', 17, 124, 500, 1, '3dplast', 'ABS (акрилонитрил-бутадиен-стирол) является отличнымматериалом для реализации ваших проектов. АБС пластик конструкционный материал высокими физико-механичными характеристиками, легко поддается механической обработке, выдерживает температуры до 80°C. При печати АБС пластиком возможны деформации модели в открытом принтере, в следствии быстрого охлаждении модели.\r\n\r\nДиаметр нити — 1,75 мм, максимальное отклонение +\\-0,02 мм.\r\nВ нити нет пузырьков воздуха, влаги и твердых включений. ', 1, 1, 1),
(165, 'Нить ABS пластик для 3D принтера, серый 0.75, серый-графит', 17, 125, 207, 1, '3dplast', 'ABS (акрилонитрил-бутадиен-стирол) является отличнымматериалом для реализации ваших проектов. АБС пластик конструкционный материал высокими физико-механичными характеристиками, легко поддается механической обработке, выдерживает температуры до 80°C. При печати АБС пластиком возможны деформации модели в открытом принтере, в следствии быстрого охлаждении модели.\r\n\r\nДиаметр нити — 1,75 мм, максимальное отклонение +\\-0,02 мм.\r\nВ нити нет пузырьков воздуха, влаги и твердых включений. ', 1, 1, 1),
(166, 'Нить ABS-пластик для 3D-принтера, 1.75 мм, 0.75 кг, ПЕРЕХОДНЫЙ ЦВЕТ ', 17, 126, 180, 1, '3dplast', 'Для печати изделий с дальнейшей постобработкой - покрытием краской или когда цвет не имеет значения.\r\n\r\nВАЖНО!: \"переходный\" цвет подразумевает, что вы получите случайное, непредсказуемое сочетание двух цветов на катушке, однако, в некоторых случаях, возможен столь же случайный \"моноцвет\".\r\n\r\nКак это получается?\r\nВ процессе перехода с одного цвета пластика на другой появляются катушки смешанного цвета.\r\nКогда один цвет пластика плавно переходит в другой. То есть, заказывая переходный пластик вы можете получить и моноцвет. Просто он будет вне типичной палитры.\r\n\r\nЦвета перехода мы не регистрируем, поэтому не можем Вам гарантировать какие-либо точные цвета.\r\nПластик идеален для печати с дальнейшим покрытием.\r\n\r\nABS (акрилонитрил-бутадиен-стирол) является отличным материалом для реализации ваших проектов. АБС пластик конструкционный материал высокими физико-механичными характеристиками, легко поддается механической обработке, выдерживает температуры до 80°C. При печати АБС пластиком возможны деформации модели в открытом принтере, в следствии быстрого охлаждении модели.\r\n\r\nДиаметр нити — 1,75 мм, максимальное отклонение +\\-0,02 мм.\r\nВ нити нет пузырьков воздуха, влаги и твердых включений.\r\n', 1, 1, 1),
(167, 'АБС ПРОЗРАЧНЫЙ для 3D принтера, 1.75 мм, 0.75 кг, прозрачный ', 17, 125, 300, 1, '3dplast', 'Прозрачный АБС- пластик (MABS). Обладает практически идентичными с АБС общего назначения качествами только прозрачный. \r\n\r\nДиаметр нити — 1,75 мм, максимальное отклонение +\\-0,02 мм.\r\nВ нити нет пузырьков воздуха, влаги и твердых включений. ', 1, 1, 1),
(168, 'Нить ABS-пластик для 3D-принтера, 1.75 мм, черный 2.5 кг, Черный ', 17, 128, 565, 1, '3dplast', 'ABS (акрилонитрил-бутадиен-стирол) является отличным материалом для реализации ваших проектов. АБС пластик конструкционный материал высокими физико-механичными характеристиками, легко поддается механической обработке, выдерживает температуры до 80°C. При печати АБС пластиком возможны деформации модели в открытом принтере, в следствии быстрого охлаждении модели.\r\n\r\nДиаметр нити — 1,75 мм, максимальное отклонение +\\-0,02 мм.\r\nВ нити нет пузырьков воздуха, влаги и твердых включений.\r\n', 1, 1, 1),
(169, 'Нить ABS пластик для 3D принтера, серый 0.75, серый металлик', 17, 129, 207, 1, '3dplast', 'ABS (акрилонитрил-бутадиен-стирол) является отличнымматериалом для реализации ваших проектов. АБС пластик конструкционный материал высокими физико-механичными характеристиками, легко поддается механической обработке, выдерживает температуры до 80°C. При печати АБС пластиком возможны деформации модели в открытом принтере, в следствии быстрого охлаждении модели.\r\n\r\nДиаметр нити — 1,75 мм, максимальное отклонение +\\-0,02 мм.\r\nВ нити нет пузырьков воздуха, влаги и твердых включений. ', 1, 1, 1),
(170, 'Нить ABS пластик для 3D принтера, серый 0.75, темно-серый ', 17, 130, 207, 1, '3dplast', 'ABS (акрилонитрил-бутадиен-стирол) является отличнымматериалом для реализации ваших проектов. АБС пластик конструкционный материал высокими физико-механичными характеристиками, легко поддается механической обработке, выдерживает температуры до 80°C. При печати АБС пластиком возможны деформации модели в открытом принтере, в следствии быстрого охлаждении модели.\r\n\r\nДиаметр нити — 1,75 мм, максимальное отклонение +\\-0,02 мм.\r\nВ нити нет пузырьков воздуха, влаги и твердых включений. ', 1, 1, 1),
(171, 'Нить ABS (АБС) пластик для 3D принтера, 1.75 мм, красный 0.75, красный-пожарный ', 17, 131, 207, 1, '3dplast', 'ABS (акрилонитрил-бутадиен-стирол) является отличнымматериалом для реализации ваших проектов. АБС пластик конструкционный материал высокими физико-механичными характеристиками, легко поддается механической обработке, выдерживает температуры до 80°C. При печати АБС пластиком возможны деформации модели в открытом принтере, в следствии быстрого охлаждении модели.\r\n\r\nДиаметр нити — 1,75 мм, максимальное отклонение +\\-0,02 мм.\r\nВ нити нет пузырьков воздуха, влаги и твердых включений. ', 1, 1, 1),
(172, 'Нить ABS (АБС) пластик для 3D принтера, 1.75 мм, бордовый ', 17, 132, 207, 1, '3dplast', 'ABS (акрилонитрил-бутадиен-стирол) является отличным материалом для реализации ваших проектов. АБС пластик конструкционный материал высокими физико-механичными характеристиками, легко поддается механической обработке и обработке некоторыми растворителями, выдерживает температуры до 80°C. При печати АБС пластиком возможны деформации модели в открытом принтере, в следствии быстрого охлаждении модели.\r\n\r\nДиаметр нити — 1,75 мм, максимальное отклонение +\\-0,02 мм.\r\nВ нити нет пузырьков воздуха, влаги и твердых включений.', 1, 1, 1),
(173, 'Нить ABS-пластик для 3D-принтера, 1.75 мм., хаки (милитари) ', 17, 133, 207, 1, '3dplast', 'ABS (акрилонитрил-бутадиен-стирол) является отличнымматериалом для реализации ваших проектов. АБС пластик конструкционный материал высокими физико-механичными характеристиками, легко поддается механической обработке, выдерживает температуры до 80°C. При печати АБС пластиком возможны деформации модели в открытом принтере, в следствии быстрого охлаждении модели.\r\n\r\nДиаметр нити — 1,75 мм, максимальное отклонение +\\-0,02 мм.\r\nВ нити нет пузырьков воздуха, влаги и твердых включений. ', 1, 1, 1),
(174, 'Нить ABS (АБС) пластик для 3D принтера, 1.75 мм, бирюзовый ', 17, 134, 207, 1, '3dplast', 'ABS (акрилонитрил-бутадиен-стирол) является отличнымматериалом для реализации ваших проектов. АБС пластик конструкционный материал высокими физико-механичными характеристиками, легко поддается механической обработке, выдерживает температуры до 80°C. При печати АБС пластиком возможны деформации модели в открытом принтере, в следствии быстрого охлаждении модели.\r\n\r\nДиаметр нити — 1,75 мм, максимальное отклонение +\\-0,02 мм.\r\nВ нити нет пузырьков воздуха, влаги и твердых включений. ', 1, 1, 1),
(175, 'Нить ABS (АБС) пластик для 3D принтера, 1.75 мм, 0,75 кг. бежевый (телесный) ', 17, 135, 207, 1, '3dplast', 'Цвет нити прекрасно имитирует цвет человеческой кожи!!!\r\n\r\nABS (акрилонитрил-бутадиен-стирол) является отличнымматериалом для реализации ваших проектов. АБС пластик конструкционный материал высокими физико-механичными характеристиками, легко поддается механической обработке, выдерживает температуры до 80°C. При печати АБС пластиком возможны деформации модели в открытом принтере, в следствии быстрого охлаждении модели.\r\n\r\nДиаметр нити — 1,75 мм, максимальное отклонение +\\-0,02 мм.\r\nВ нити нет пузырьков воздуха, влаги и твердых включений. ', 1, 1, 1),
(176, 'Нить ABS (АБС) пластик для 3D принтера, 1.75 мм, бронзовый ', 17, 136, 230, 1, '3dplast', 'Цвет имеет золотистый блеск!!!\r\n\r\nABS (акрилонитрил-бутадиен-стирол) является отличнымматериалом для реализации ваших проектов. АБС пластик конструкционный материал высокими физико-механичными характеристиками, легко поддается механической обработке, выдерживает температуры до 80°C. При печати АБС пластиком возможны деформации модели в открытом принтере, в следствии быстрого охлаждении модели.\r\n\r\nДиаметр нити — 1,75 мм, максимальное отклонение +\\-0,02 мм.\r\nВ нити нет пузырьков воздуха, влаги и твердых включений.', 1, 1, 1),
(177, 'Нить ABS (АБС) пластик для 3D принтера, 1.75 мм, коричневый ', 17, 136, 207, 1, '3dplast', 'ABS (акрилонитрил-бутадиен-стирол) является отличнымматериалом для реализации ваших проектов. АБС пластик конструкционный материал высокими физико-механичными характеристиками, легко поддается механической обработке, выдерживает температуры до 80°C. При печати АБС пластиком возможны деформации модели в открытом принтере, в следствии быстрого охлаждении модели.\r\n\r\nДиаметр нити — 1,75 мм, максимальное отклонение +\\-0,02 мм.\r\nВ нити нет пузырьков воздуха, влаги и твердых включений.', 1, 1, 1),
(178, 'Нить ABS (АБС) пластик для 3D принтера, 1.75 мм, бесцветный', 17, 137, 200, 1, '3dplast', 'ABS (акрилонитрил-бутадиен-стирол) является отличнымматериалом для реализации ваших проектов. АБС пластик конструкционный материал высокими физико-механичными характеристиками, легко поддается механической обработке, выдерживает температуры до 80°C. При печати АБС пластиком возможны деформации модели в открытом принтере, в следствии быстрого охлаждении модели.\r\n\r\nДиаметр нити — 1,75 мм, максимальное отклонение +\\-0,02 мм.\r\nВ нити нет пузырьков воздуха, влаги и твердых включений. ', 1, 1, 1),
(179, 'Нить ABS (АБС) пластик для 3D принтера, 1.75 мм, фиолетовый ', 17, 137, 207, 1, '3dplast', 'ABS (акрилонитрил-бутадиен-стирол) является отличнымматериалом для реализации ваших проектов. АБС пластик конструкционный материал высокими физико-механичными характеристиками, легко поддается механической обработке, выдерживает температуры до 80°C. При печати АБС пластиком возможны деформации модели в открытом принтере, в следствии быстрого охлаждении модели.\r\n\r\nДиаметр нити — 1,75 мм, максимальное отклонение +\\-0,02 мм.\r\nВ нити нет пузырьков воздуха, влаги и твердых включений. ', 1, 1, 1),
(180, 'Нить ABS (АБС) пластик для 3D принтера, 1.75 мм, синий', 17, 138, 207, 1, '3dplast', 'BS (акрилонитрил-бутадиен-стирол) является отличнымматериалом для реализации ваших проектов. АБС пластик конструкционный материал высокими физико-механичными характеристиками, легко поддается механической обработке, выдерживает температуры до 80°C. При печати АБС пластиком возможны деформации модели в открытом принтере, в следствии быстрого охлаждении модели.\r\n\r\nДиаметр нити — 1,75 мм, максимальное отклонение +\\-0,02 мм.\r\nВ нити нет пузырьков воздуха, влаги и твердых включений. ', 1, 1, 1),
(181, 'Нить ABS (АБС) пластик для 3D принтера, 1.75 мм, голубой ', 17, 139, 207, 1, '3dplast', 'ABS (акрилонитрил-бутадиен-стирол) является отличнымматериалом для реализации ваших проектов. АБС пластик конструкционный материал высокими физико-механичными характеристиками, легко поддается механической обработке, выдерживает температуры до 80°C. При печати АБС пластиком возможны деформации модели в открытом принтере, в следствии быстрого охлаждении модели.\r\n\r\nДиаметр нити — 1,75 мм, максимальное отклонение +\\-0,02 мм.\r\nВ нити нет пузырьков воздуха, влаги и твердых включений. ', 1, 1, 1),
(182, 'Нить ABS (АБС) пластик для 3D принтера, 1.75 мм, зеленый травяной ', 17, 140, 207, 1, '3dplast', 'ABS (акрилонитрил-бутадиен-стирол) является отличнымматериалом для реализации ваших проектов. АБС пластик конструкционный материал высокими физико-механичными характеристиками, легко поддается механической обработке, выдерживает температуры до 80°C. При печати АБС пластиком возможны деформации модели в открытом принтере, в следствии быстрого охлаждении модели.\r\n\r\nДиаметр нити — 1,75 мм, максимальное отклонение +\\-0,02 мм.\r\nВ нити нет пузырьков воздуха, влаги и твердых включений. ', 1, 1, 1),
(183, 'Нить ABS (АБС) пластик для 3D принтера, 1.75 мм, зеленый ', 17, 141, 207, 1, '3dplast', 'ABS (акрилонитрил-бутадиен-стирол) является отличнымматериалом для реализации ваших проектов. АБС пластик конструкционный материал высокими физико-механичными характеристиками, легко поддается механической обработке, выдерживает температуры до 80°C. При печати АБС пластиком возможны деформации модели в открытом принтере, в следствии быстрого охлаждении модели.\r\n\r\nДиаметр нити — 1,75 мм, максимальное отклонение +\\-0,02 мм.\r\nВ нити нет пузырьков воздуха, влаги и твердых включений', 1, 1, 1),
(184, 'Нить ABS (АБС) пластик для 3D принтера, 1.75 мм, оранжевый ', 17, 142, 207, 1, '3dplast', 'ABS (акрилонитрил-бутадиен-стирол) является отличнымматериалом для реализации ваших проектов. АБС пластик конструкционный материал высокими физико-механичными характеристиками, легко поддается механической обработке, выдерживает температуры до 80°C. При печати АБС пластиком возможны деформации модели в открытом принтере, в следствии быстрого охлаждении модели.\r\n\r\nДиаметр нити — 1,75 мм, максимальное отклонение +\\-0,02 мм.\r\nВ нити нет пузырьков воздуха, влаги и твердых включений. ', 1, 1, 1),
(185, 'Нить ABS (АБС) пластик для 3D принтера, 1.75 мм, красный ', 17, 143, 207, 1, '3dplast', 'ABS (акрилонитрил-бутадиен-стирол) является отличнымматериалом для реализации ваших проектов. АБС пластик конструкционный материал высокими физико-механичными характеристиками, легко поддается механической обработке, выдерживает температуры до 80°C. При печати АБС пластиком возможны деформации модели в открытом принтере, в следствии быстрого охлаждении модели.\r\n\r\nДиаметр нити — 1,75 мм, максимальное отклонение +\\-0,02 мм.\r\nВ нити нет пузырьков воздуха, влаги и твердых включений. ', 1, 1, 1),
(186, 'Нить ABS (АБС) пластик для 3D принтера, 1.75 мм, пурпурный ', 17, 145, 207, 1, '3dplast', 'ABS (акрилонитрил-бутадиен-стирол) является отличнымматериалом для реализации ваших проектов. АБС пластик конструкционный материал высокими физико-механичными характеристиками, легко поддается механической обработке, выдерживает температуры до 80°C. При печати АБС пластиком возможны деформации модели в открытом принтере, в следствии быстрого охлаждении модели.\r\n\r\nДиаметр нити — 1,75 мм, максимальное отклонение +\\-0,02 мм.\r\nВ нити нет пузырьков воздуха, влаги и твердых включений. ', 1, 1, 1),
(187, 'Нить ABS (АБС) пластик для 3D принтера, 1.75 мм, белый ', 17, 146, 200, 1, '3dplast', 'ABS (акрилонитрил-бутадиен-стирол) является отличнымматериалом для реализации ваших проектов. АБС пластик конструкционный материал высокими физико-механичными характеристиками, легко поддается механической обработке, выдерживает температуры до 80°C. При печати АБС пластиком возможны деформации модели в открытом принтере, в следствии быстрого охлаждении модели.\r\n\r\nДиаметр нити — 1,75 мм, максимальное отклонение +\\-0,02 мм.\r\nВ нити нет пузырьков воздуха, влаги и твердых включений. ', 1, 1, 1),
(188, 'Нить ABS пластик для 3D принтера, серый', 17, 147, 207, 1, '3dplast', 'ABS (акрилонитрил-бутадиен-стирол) является отличнымматериалом для реализации ваших проектов. АБС пластик конструкционный материал высокими физико-механичными характеристиками, легко поддается механической обработке, выдерживает температуры до 80°C. При печати АБС пластиком возможны деформации модели в открытом принтере, в следствии быстрого охлаждении модели.\r\n\r\nДиаметр нити — 1,75 мм, максимальное отклонение +\\-0,02 мм.\r\nВ нити нет пузырьков воздуха, влаги и твердых включений. ', 1, 1, 1),
(189, 'Нить ABS (АБС) пластик для 3D принтера, 1.75 мм, 0,75 кг. желтый', 17, 150, 207, 1, '3dplast', 'ABS (акрилонитрил-бутадиен-стирол) является отличнымматериалом для реализации ваших проектов. АБС пластик конструкционный материал высокими физико-механичными характеристиками, легко поддается механической обработке, выдерживает температуры до 80°C. При печати АБС пластиком возможны деформации модели в открытом принтере, в следствии быстрого охлаждении модели.\r\n\r\nДиаметр нити — 1,75 мм, максимальное отклонение +\\-0,02 мм.\r\nВ нити нет пузырьков воздуха, влаги и твердых включений.', 1, 1, 1),
(190, 'Нить ABS-пластик для 3D-принтера, 1.75 мм, черный', 17, 151, 207, 1, '3dplast', 'ABS (акрилонитрил-бутадиен-стирол) является отличным материалом для реализации ваших проектов. АБС пластик конструкционный материал высокими физико-механичными характеристиками, легко поддается механической обработке, выдерживает температуры до 80°C. При печати АБС пластиком возможны деформации модели в открытом принтере, в следствии быстрого охлаждении модели.\r\n\r\nДиаметр нити — 1,75 мм, максимальное отклонение +\\-0,02 мм.\r\nВ нити нет пузырьков воздуха, влаги и твердых включений.\r\n', 1, 1, 1),
(191, 'ABS-пластик для 3D-принтера, 2.85 мм, 0.75 кг зеленый-травяной, 2.5', 17, 135, 600, 1, '3dplast', 'ABS (акрилонитрил-бутадиен-стирол) является отличным материалом для реализации ваших проектов. АБС пластик конструкционный материал высокими физико-механичными характеристиками, легко поддается механической обработке, выдерживает температуры до 80°C. При печати АБС пластиком возможны деформации модели в открытом принтере, в следствии быстрого охлаждении модели.\r\n\r\nДиаметр нити — 2,85 мм, максимальное отклонение +\\-0,03 мм.\r\nВ нити нет пузырьков воздуха, влаги и твердых включений.', 1, 1, 1),
(192, 'ABS-пластик для 3D-принтера, 2.85 мм, 0.75 кг красный, 2.5', 13, 153, 600, 1, '3dplast', 'ABS (акрилонитрил-бутадиен-стирол) является отличным материалом для реализации ваших проектов. АБС пластик конструкционный материал высокими физико-механичными характеристиками, легко поддается механической обработке, выдерживает температуры до 80°C. При печати АБС пластиком возможны деформации модели в открытом принтере, в следствии быстрого охлаждении модели.\r\n\r\nДиаметр нити — 2,85 мм, максимальное отклонение +\\-0,03 мм.\r\nВ нити нет пузырьков воздуха, влаги и твердых включений.', 1, 1, 1),
(193, 'ABS-пластик для 3D-принтера, 2.85 мм, 0.75 кг голубой, 2.5', 17, 154, 600, 1, '3dplast', 'ABS (акрилонитрил-бутадиен-стирол) является отличным материалом для реализации ваших проектов. АБС пластик конструкционный материал высокими физико-механичными характеристиками, легко поддается механической обработке, выдерживает температуры до 80°C. При печати АБС пластиком возможны деформации модели в открытом принтере, в следствии быстрого охлаждении модели.\r\n\r\nДиаметр нити — 2,85 мм, максимальное отклонение +\\-0,03 мм.\r\nВ нити нет пузырьков воздуха, влаги и твердых включений.', 1, 1, 1),
(194, 'ABS-пластик для 3D-принтера, 2.85 мм, 0.75 кг фиолетовый', 17, 155, 600, 1, '3dplast', 'ABS (акрилонитрил-бутадиен-стирол) является отличным материалом для реализации ваших проектов. АБС пластик конструкционный материал высокими физико-механичными характеристиками, легко поддается механической обработке, выдерживает температуры до 80°C. При печати АБС пластиком возможны деформации модели в открытом принтере, в следствии быстрого охлаждении модели.\r\n\r\nДиаметр нити — 2,85 мм, максимальное отклонение +\\-0,03 мм.\r\nВ нити нет пузырьков воздуха, влаги и твердых включений. ', 1, 1, 1),
(195, 'ABS-пластик для 3D-принтера, 2.85 мм, 0.75 кг 2.5, Черный', 17, 156, 600, 1, '3dplast', 'ABS (акрилонитрил-бутадиен-стирол) является отличным материалом для реализации ваших проектов. АБС пластик конструкционный материал высокими физико-механичными характеристиками, легко поддается механической обработке, выдерживает температуры до 80°C. При печати АБС пластиком возможны деформации модели в открытом принтере, в следствии быстрого охлаждении модели.\r\n\r\nДиаметр нити — 2,85 мм, максимальное отклонение +\\-0,03 мм.\r\nВ нити нет пузырьков воздуха, влаги и твердых включений. ', 1, 1, 1),
(196, 'ABS-пластик для 3D-принтера, 2.85 мм, 0.75 кг 0.75, Черный ', 17, 158, 207, 1, '3dplast', 'ABS (акрилонитрил-бутадиен-стирол) является отличным материалом для реализации ваших проектов. АБС пластик конструкционный материал высокими физико-механичными характеристиками, легко поддается механической обработке, выдерживает температуры до 80°C. При печати АБС пластиком возможны деформации модели в открытом принтере, в следствии быстрого охлаждении модели.\r\n\r\nДиаметр нити — 2,85 мм, максимальное отклонение +\\-0,03 мм.\r\nВ нити нет пузырьков воздуха, влаги и твердых включений. ', 1, 1, 1),
(197, 'ABS-пластик для 3D-принтера, 2.85 мм, 0.75 кг зеленый, 2.5', 17, 159, 600, 1, '3dplast', 'ABS (акрилонитрил-бутадиен-стирол) является отличным материалом для реализации ваших проектов. АБС пластик конструкционный материал высокими физико-механичными характеристиками, легко поддается механической обработке, выдерживает температуры до 80°C. При печати АБС пластиком возможны деформации модели в открытом принтере, в следствии быстрого охлаждении модели.\r\n\r\nДиаметр нити — 2,85 мм, максимальное отклонение +\\-0,03 мм.\r\nВ нити нет пузырьков воздуха, влаги и твердых включений. ', 1, 1, 1),
(198, 'ABS-пластик для 3D-принтера, 2.85 мм, 0.75 кг синий, 2.5 ', 17, 159, 600, 1, '3dplast', 'ABS (акрилонитрил-бутадиен-стирол) является отличным материалом для реализации ваших проектов. АБС пластик конструкционный материал высокими физико-механичными характеристиками, легко поддается механической обработке, выдерживает температуры до 80°C. При печати АБС пластиком возможны деформации модели в открытом принтере, в следствии быстрого охлаждении модели.\r\n\r\nДиаметр нити — 2,85 мм, максимальное отклонение +\\-0,03 мм.\r\nВ нити нет пузырьков воздуха, влаги и твердых включений. ', 1, 1, 1),
(199, 'ABS-пластик для 3D-принтера, 2.85 мм, 0.75 кг 2.5, Черный ', 17, 160, 600, 1, '3dplast', 'ABS (акрилонитрил-бутадиен-стирол) является отличным материалом для реализации ваших проектов. АБС пластик конструкционный материал высокими физико-механичными характеристиками, легко поддается механической обработке, выдерживает температуры до 80°C. При печати АБС пластиком возможны деформации модели в открытом принтере, в следствии быстрого охлаждении модели.\r\n\r\nДиаметр нити — 2,85 мм, максимальное отклонение +\\-0,03 мм.\r\nВ нити нет пузырьков воздуха, влаги и твердых включений. ', 1, 1, 1),
(200, 'ABS-пластик для 3D-принтера, 2.85 мм, 0.75 кг 0.75, Черный ', 17, 161, 207, 1, '3dplast', 'ABS (акрилонитрил-бутадиен-стирол) является отличным материалом для реализации ваших проектов. АБС пластик конструкционный материал высокими физико-механичными характеристиками, легко поддается механической обработке, выдерживает температуры до 80°C. При печати АБС пластиком возможны деформации модели в открытом принтере, в следствии быстрого охлаждении модели.\r\n\r\nДиаметр нити — 2,85 мм, максимальное отклонение +\\-0,03 мм.\r\nВ нити нет пузырьков воздуха, влаги и твердых включений.\r\n', 1, 1, 1),
(201, 'ABS-пластик для 3D-принтера, 2.85 мм, 0.75 кг зеленый-травяной, 0.75', 17, 162, 207, 1, '3dplast', 'ABS (акрилонитрил-бутадиен-стирол) является отличным материалом для реализации ваших проектов. АБС пластик конструкционный материал высокими физико-механичными характеристиками, легко поддается механической обработке, выдерживает температуры до 80°C. При печати АБС пластиком возможны деформации модели в открытом принтере, в следствии быстрого охлаждении модели.\r\n\r\nДиаметр нити — 2,85 мм, максимальное отклонение +\\-0,03 мм.\r\nВ нити нет пузырьков воздуха, влаги и твердых включений. ', 1, 1, 1),
(202, 'ABS-пластик для 3D-принтера, 2.85 мм, 0.75 кг зеленый, 0.75', 17, 163, 207, 1, '3dplast', 'ABS (акрилонитрил-бутадиен-стирол) является отличным материалом для реализации ваших проектов. АБС пластик конструкционный материал высокими физико-механичными характеристиками, легко поддается механической обработке, выдерживает температуры до 80°C. При печати АБС пластиком возможны деформации модели в открытом принтере, в следствии быстрого охлаждении модели.\r\n\r\nДиаметр нити — 2,85 мм, максимальное отклонение +\\-0,03 мм.\r\nВ нити нет пузырьков воздуха, влаги и твердых включений. ', 1, 1, 1),
(203, 'ABS-пластик для 3D-принтера, 2.85 мм, 0.75 кг синий, 0.75', 17, 164, 207, 1, '3dplast', 'ABS (акрилонитрил-бутадиен-стирол) является отличным материалом для реализации ваших проектов. АБС пластик конструкционный материал высокими физико-механичными характеристиками, легко поддается механической обработке, выдерживает температуры до 80°C. При печати АБС пластиком возможны деформации модели в открытом принтере, в следствии быстрого охлаждении модели.\r\n\r\nДиаметр нити — 2,85 мм, максимальное отклонение +\\-0,03 мм.\r\nВ нити нет пузырьков воздуха, влаги и твердых включений. ', 1, 1, 1),
(204, 'ABS-пластик для 3D-принтера, 2.85 мм, 0.75 кг черный, 0.75', 17, 165, 207, 1, '3dplast', 'ABS (акрилонитрил-бутадиен-стирол) является отличным материалом для реализации ваших проектов. АБС пластик конструкционный материал высокими физико-механичными характеристиками, легко поддается механической обработке, выдерживает температуры до 80°C. При печати АБС пластиком возможны деформации модели в открытом принтере, в следствии быстрого охлаждении модели.\r\n\r\nДиаметр нити — 2,85 мм, максимальное отклонение +\\-0,03 мм.\r\nВ нити нет пузырьков воздуха, влаги и твердых включений. ', 1, 1, 1),
(205, 'ABS-пластик для 3D-принтера, 2.85 мм, 0.75 кг голубой, 0.75', 17, 166, 207, 1, '3dplast', 'ABS (акрилонитрил-бутадиен-стирол) является отличным материалом для реализации ваших проектов. АБС пластик конструкционный материал высокими физико-механичными характеристиками, легко поддается механической обработке, выдерживает температуры до 80°C. При печати АБС пластиком возможны деформации модели в открытом принтере, в следствии быстрого охлаждении модели.\r\n\r\nДиаметр нити — 2,85 мм, максимальное отклонение +\\-0,03 мм.\r\nВ нити нет пузырьков воздуха, влаги и твердых включений. ', 1, 1, 1),
(206, 'ABS-пластик для 3D-принтера, 2.85 мм, 0.75 кг перецвет, 0.75 ', 17, 167, 207, 1, '3dplast', 'ABS (акрилонитрил-бутадиен-стирол) является отличным материалом для реализации ваших проектов. АБС пластик конструкционный материал высокими физико-механичными характеристиками, легко поддается механической обработке, выдерживает температуры до 80°C. При печати АБС пластиком возможны деформации модели в открытом принтере, в следствии быстрого охлаждении модели.\r\n\r\nДиаметр нити — 2,85 мм, максимальное отклонение +\\-0,03 мм.\r\nВ нити нет пузырьков воздуха, влаги и твердых включений. ', 1, 1, 1),
(207, 'ABS-пластик для 3D-принтера, 2.85 мм, 0.75 кг фиолетовый, 0.75', 17, 169, 207, 1, '3dplast', 'ABS (акрилонитрил-бутадиен-стирол) является отличным материалом для реализации ваших проектов. АБС пластик конструкционный материал высокими физико-механичными характеристиками, легко поддается механической обработке, выдерживает температуры до 80°C. При печати АБС пластиком возможны деформации модели в открытом принтере, в следствии быстрого охлаждении модели.\r\n\r\nДиаметр нити — 2,85 мм, максимальное отклонение +\\-0,03 мм.\r\nВ нити нет пузырьков воздуха, влаги и твердых включений. ', 1, 1, 1),
(208, 'Инженерный ABS-пластик для 3D-принтера, 1.75 мм, 0,75 кг 0.75, оранжевый', 17, 170, 250, 1, '3dplast', 'АБС (ABS) пластик инженерно-конструкционный - обладает высокой прочностью, жесткостью и износостойкостью. В процессе эксплуатации модели из инженерного пластика выдерживают нагревание до 100°С. В сравнении с АБС пластиком общего назначения, инженерно-конструкционный отличается повышеной температурой печати (240-260°С), высокой жесткостью, превосходной спекаемостью слоев.\r\n\r\nРекомендуемые режимы 3D печати: экструдер - 250(+\\-10) градусов, температура стола, чем больше тем лучше, т.е 115-125 градусов, без обдува. ', 1, 1, 1),
(209, 'Инженерный ABS-пластик для 3D-принтера, 1.75 мм, 0,75 кг 0.75, синий', 17, 171, 250, 1, '3dplast', 'АБС (ABS) пластик инженерно-конструкционный - обладает высокой прочностью, жесткостью и износостойкостью. В процессе эксплуатации модели из инженерного пластика выдерживают нагревание до 100°С. В сравнении с АБС пластиком общего назначения, инженерно-конструкционный отличается повышеной температурой печати (240-260°С), высокой жесткостью, превосходной спекаемостью слоев.\r\n\r\nРекомендуемые режимы 3D печати: экструдер - 250(+\\-10) градусов, температура стола, чем больше тем лучше, т.е 115-125 градусов, без обдува. ', 1, 1, 1),
(210, 'Инженерный ABS-пластик для 3D-принтера, 1.75 мм, 0,75 кг 0.75, хаки (милитари)', 17, 172, 250, 1, '3dplast', 'АБС (ABS) пластик инженерно-конструкционный - обладает высокой прочностью, жесткостью и износостойкостью. В процессе эксплуатации модели из инженерного пластика выдерживают нагревание до 100°С. В сравнении с АБС пластиком общего назначения, инженерно-конструкционный отличается повышеной температурой печати (240-260°С), высокой жесткостью, превосходной спекаемостью слоев.\r\n\r\nРекомендуемые режимы 3D печати: экструдер - 250(+\\-10) градусов, температура стола, чем больше тем лучше, т.е 115-125 градусов, без обдува', 1, 1, 1),
(211, 'Инженерный ABS-пластик для 3D-принтера, 1.75 мм, 0,75 кг 0.75, зеленый', 17, 173, 250, 1, '3dplast', 'АБС (ABS) пластик инженерно-конструкционный - обладает высокой прочностью, жесткостью и износостойкостью. В процессе эксплуатации модели из инженерного пластика выдерживают нагревание до 100°С. В сравнении с АБС пластиком общего назначения, инженерно-конструкционный отличается повышеной температурой печати (240-260°С), высокой жесткостью, превосходной спекаемостью слоев.\r\n\r\nРекомендуемые режимы 3D печати: экструдер - 250(+\\-10) градусов, температура стола, чем больше тем лучше, т.е 115-125 градусов, без обдува. ', 1, 1, 1),
(212, 'Инженерный ABS-пластик для 3D-принтера, 1.75 мм, 0,75 кг 0.75, голубой', 17, 174, 250, 0, '3dplast', 'АБС (ABS) пластик инженерно-конструкционный - обладает высокой прочностью, жесткостью и износостойкостью. В процессе эксплуатации модели из инженерного пластика выдерживают нагревание до 100°С. В сравнении с АБС пластиком общего назначения, инженерно-конструкционный отличается повышеной температурой печати (240-260°С), высокой жесткостью, превосходной спекаемостью слоев.\r\n\r\nРекомендуемые режимы 3D печати: экструдер - 250(+\\-10) градусов, температура стола, чем больше тем лучше, т.е 115-125 градусов, без обдува. ', 1, 1, 1),
(213, 'Инженерный ABS-пластик для 3D-принтера, 1.75 мм, 0,75 кг 0.75, красный ', 17, 175, 250, 0, '3dplast', 'АБС (ABS) пластик инженерно-конструкционный - обладает высокой прочностью, жесткостью и износостойкостью. В процессе эксплуатации модели из инженерного пластика выдерживают нагревание до 100°С. В сравнении с АБС пластиком общего назначения, инженерно-конструкционный отличается повышеной температурой печати (240-260°С), высокой жесткостью, превосходной спекаемостью слоев.\r\n\r\nРекомендуемые режимы 3D печати: экструдер - 250(+\\-10) градусов, температура стола, чем больше тем лучше, т.е 115-125 градусов, без обдува.', 1, 1, 1),
(214, 'Инженерный ABS-пластик для 3D-принтера, 1.75 мм, 0,75 кг 0.75, желтый ', 17, 176, 250, 0, '3dplast', 'АБС (ABS) пластик инженерно-конструкционный - обладает высокой прочностью, жесткостью и износостойкостью. В процессе эксплуатации модели из инженерного пластика выдерживают нагревание до 100°С. В сравнении с АБС пластиком общего назначения, инженерно-конструкционный отличается повышеной температурой печати (240-260°С), высокой жесткостью, превосходной спекаемостью слоев.\r\n\r\nРекомендуемые режимы 3D печати: экструдер - 250(+\\-10) градусов, температура стола, чем больше тем лучше, т.е 115-125 градусов, без обдува. ', 1, 1, 1),
(215, 'Инженерный ABS-пластик для 3D-принтера, 1.75 мм, 0,75 кг 0.75, серый (металлик)', 17, 176, 250, 0, '3dplast', 'АБС (ABS) пластик инженерно-конструкционный - обладает высокой прочностью, жесткостью и износостойкостью. В процессе эксплуатации модели из инженерного пластика выдерживают нагревание до 100°С. В сравнении с АБС пластиком общего назначения, инженерно-конструкционный отличается повышеной температурой печати (240-260°С), высокой жесткостью, превосходной спекаемостью слоев.\r\n\r\nРекомендуемые режимы 3D печати: экструдер - 250(+\\-10) градусов, температура стола, чем больше тем лучше, т.е 115-125 градусов, без обдува.', 1, 1, 1),
(216, 'Инженерный AB-пластик для 3D-принтера, 1.75 мм, 0,75 кг 0.75, серый-асфальт ', 17, 177, 250, 1, '3dplast', 'АБС (ABS) пластик инженерно-конструкционный - обладает высокой прочностью, жесткостью и износостойкостью. В процессе эксплуатации модели из инженерного пластика выдерживают нагревание до 100°С. В сравнении с АБС пластиком общего назначения, инженерно-конструкционный отличается повышеной температурой печати (240-260°С), высокой жесткостью, превосходной спекаемостью слоев.\r\n\r\nРекомендуемые режимы 3D печати: экструдер - 250(+\\-10) градусов, температура стола, чем больше тем лучше, т.е 115-125 градусов, без обдува. ', 1, 1, 1),
(217, 'Инженерный ABS-пластик для 3D-принтера, 1.75 мм, 0,75 кг 0.75, серый ', 17, 178, 250, 1, '3dplast', 'АБС (ABS) пластик инженерно-конструкционный - обладает высокой прочностью, жесткостью и износостойкостью. В процессе эксплуатации модели из инженерного пластика выдерживают нагревание до 100°С. В сравнении с АБС пластиком общего назначения, инженерно-конструкционный отличается повышеной температурой печати (240-260°С), высокой жесткостью, превосходной спекаемостью слоев.\r\n\r\nРекомендуемые режимы 3D печати: экструдер - 250(+\\-10) градусов, температура стола, чем больше тем лучше, т.е 115-125 градусов, без обдува. ', 1, 1, 1),
(218, 'Инженерный ABS-пластик для 3D-принтера, 1.75 мм, 0,75 кг 0.75, белый ', 17, 179, 250, 1, '3dplast', 'АБС (ABS) пластик инженерно-конструкционный - обладает высокой прочностью, жесткостью и износостойкостью. В процессе эксплуатации модели из инженерного пластика выдерживают нагревание до 100°С. В сравнении с АБС пластиком общего назначения, инженерно-конструкционный отличается повышеной температурой печати (240-260°С), высокой жесткостью, превосходной спекаемостью слоев.\r\n\r\nРекомендуемые режимы 3D печати: экструдер - 250(+\\-10) градусов, температура стола, чем больше тем лучше, т.е 115-125 градусов, без обдува.', 1, 1, 1),
(219, 'Инженерный ABS-пластик для 3D-принтера, 1.75 мм, 0,75 кг  черный', 17, 179, 250, 1, '3dplast', 'АБС (ABS) пластик инженерно-конструкционный - обладает высокой прочностью, жесткостью и износостойкостью. В процессе эксплуатации модели из инженерного пластика выдерживают нагревание до 100°С. В сравнении с АБС пластиком общего назначения, инженерно-конструкционный отличается повышеной температурой печати (240-260°С), высокой жесткостью, превосходной спекаемостью слоев.\r\n\r\nРекомендуемые режимы 3D печати: экструдер - 250(+\\-10) градусов, температура стола, чем больше тем лучше, т.е 115-125 градусов, без обдува. ', 1, 1, 1);

-- --------------------------------------------------------

--
-- Структура таблицы `product_order`
--

CREATE TABLE `product_order` (
  `id` int(11) NOT NULL,
  `user_name` varchar(255) NOT NULL,
  `user_phone` varchar(255) NOT NULL,
  `user_comment` text NOT NULL,
  `user_id` int(11) DEFAULT NULL,
  `date` timestamp NOT NULL DEFAULT current_timestamp(),
  `products` text NOT NULL,
  `status` int(11) NOT NULL DEFAULT 1
) ENGINE=MyISAM DEFAULT CHARSET=utf8;

--
-- Дамп данных таблицы `product_order`
--

INSERT INTO `product_order` (`id`, `user_name`, `user_phone`, `user_comment`, `user_id`, `date`, `products`, `status`) VALUES
(45, 'fsdfsd', '1', '123123123', 4, '2015-05-14 09:54:45', '{\"1\":1,\"2\":1,\"3\":2}', 3),
(46, 'САША1', 'g3424242342', '', 4, '2015-05-18 15:34:42', '{\"44\":3,\"43\":3}', 1),
(47, 'Виктор Зинченко', '+e398232134', '', 4, '2019-08-16 07:12:57', '{\"95\":1,\"218\":4}', 1);

-- --------------------------------------------------------

--
-- Структура таблицы `user`
--

CREATE TABLE `user` (
  `id` int(11) NOT NULL,
  `name` varchar(255) NOT NULL,
  `email` varchar(255) NOT NULL,
  `password` varchar(255) NOT NULL,
  `role` varchar(50) NOT NULL
) ENGINE=InnoDB DEFAULT CHARSET=utf8;

--
-- Дамп данных таблицы `user`
--

INSERT INTO `user` (`id`, `name`, `email`, `password`, `role`) VALUES
(3, 'Александр', 'alex@mail.com', '111111', ''),
(4, 'Виктор Зинченко', 'zinchenko.us@gmail.com', '222222', 'admin'),
(5, 'Сергей', 'serg@mail.com', '111111', '');

--
-- Индексы сохранённых таблиц
--

--
-- Индексы таблицы `category`
--
ALTER TABLE `category`
  ADD PRIMARY KEY (`id`);

--
-- Индексы таблицы `product`
--
ALTER TABLE `product`
  ADD PRIMARY KEY (`id`);

--
-- Индексы таблицы `product_order`
--
ALTER TABLE `product_order`
  ADD PRIMARY KEY (`id`);

--
-- Индексы таблицы `user`
--
ALTER TABLE `user`
  ADD PRIMARY KEY (`id`);

--
-- AUTO_INCREMENT для сохранённых таблиц
--

--
-- AUTO_INCREMENT для таблицы `category`
--
ALTER TABLE `category`
  MODIFY `id` int(11) NOT NULL AUTO_INCREMENT, AUTO_INCREMENT=24;

--
-- AUTO_INCREMENT для таблицы `product`
--
ALTER TABLE `product`
  MODIFY `id` int(11) NOT NULL AUTO_INCREMENT, AUTO_INCREMENT=220;

--
-- AUTO_INCREMENT для таблицы `product_order`
--
ALTER TABLE `product_order`
  MODIFY `id` int(11) NOT NULL AUTO_INCREMENT, AUTO_INCREMENT=48;

--
-- AUTO_INCREMENT для таблицы `user`
--
ALTER TABLE `user`
  MODIFY `id` int(11) NOT NULL AUTO_INCREMENT, AUTO_INCREMENT=6;
COMMIT;

/*!40101 SET CHARACTER_SET_CLIENT=@OLD_CHARACTER_SET_CLIENT */;
/*!40101 SET CHARACTER_SET_RESULTS=@OLD_CHARACTER_SET_RESULTS */;
/*!40101 SET COLLATION_CONNECTION=@OLD_COLLATION_CONNECTION */;
